id,kod,przedmiot,partia_numer,partia_tytul,zagadnienie,wariant,numer_pytania,streszczenie_pytania,pytanie,odpowiedz_wzorcowa,notatka
1,CHEM-P1-A01,chemia,1,Substancje i ich właściwości,Substancje i ich właściwości,A,1,Właściwość fizyczna a metal/niemetal,"Wytłumacz koledze/koleżance, czym różni się „właściwość fizyczna” od tego, że dana substancja to metal albo niemetal — o co tak naprawdę chodzi w klasyfikowaniu substancji na podstawie właściwości?","Właściwość fizyczna to pojedyncza, konkretna cecha substancji, którą można zaobserwować lub zmierzyć bez zmieniania jej w inną substancję — np. barwa, gęstość, temperatura topnienia, przewodnictwo cieplne czy elektryczne, połysk, twardość. Podział na metale i niemetale to nie kolejna pojedyncza właściwość, tylko kategoria (klasyfikacja) budowana na podstawie całego zestawu takich właściwości występujących razem — metale zwykle mają połysk, dobrze przewodzą prąd i ciepło, są kowalne i ciągliwe, a niemetale najczęściej nie mają połysku, słabo przewodzą prąd i są kruche. Czyli najpierw sprawdzamy pojedyncze właściwości fizyczne, a dopiero na ich podstawie decydujemy, do której grupy substancja pasuje.",
2,CHEM-P1-A02,chemia,1,Substancje i ich właściwości,Substancje i ich właściwości,A,2,Zasada doboru metody rozdzielania mieszanin,"Po co w ogóle rozdzielamy mieszaniny na składniki, skoro można by po prostu użyć gotowej mieszaniny? Na czym polega ogólna zasada wyboru metody rozdzielania?","Mieszaniny rozdzielamy, bo do wielu celów potrzebujemy czystego składnika, a nie mieszaniny — np. do picia potrzebujemy czystej wody, a nie wody z piaskiem, a w laboratorium czy przemyśle czysta substancja ma dokładnie znane i powtarzalne właściwości. Ogólna zasada wyboru metody jest taka, że dobieramy ją do konkretnej różnicy we właściwościach fizycznych składników: jeśli różnią się rozmiarem cząstek — używamy sączenia lub sitowania, jeśli różnią się rozpuszczalnością — filtrujemy i odparowujemy lub krystalizujemy, jeśli różnią się temperaturą wrzenia — destylujemy, a jeśli różnią się gęstością — rozdzielamy przez sedymentację lub dekantację. Innymi słowy: metoda rozdzielania zawsze wykorzystuje jakąś konkretną różnicę fizyczną między składnikami.",
3,CHEM-P1-B01,chemia,1,Substancje i ich właściwości,Substancje i ich właściwości,B,1,Różnice właściwości soli i cukru,"Opisz, czym różnią się właściwości fizyczne soli kuchennej i cukru na tyle, żeby ktoś mógł je rozróżnić bez smakowania. Opisz słownie proste doświadczenie potwierdzające tę różnicę.","Sól kuchenna (chlorek sodu) i cukier (sacharoza) różnią się kilkoma właściwościami fizycznymi, nie tylko smakiem: sól tworzy drobne, sześcienne, przezroczyste kryształy, a cukier ma kryształy inaczej ukształtowane; sól rozpuszcza się w wodzie stosunkowo wolno i jej roztwór nie ulega karmelizacji przy podgrzewaniu, a cukier ma znacznie niższą temperaturę topnienia i pod wpływem ogrzewania topi się i brązowieje (karmelizuje), zanim zdąży się rozłożyć, podczas gdy sól ma bardzo wysoką temperaturę topnienia i pozostaje niezmieniona przy zwykłym podgrzaniu łyżeczki nad palnikiem. Proste doświadczenie: bierzemy dwie próbki na łyżeczkach metalowych i podgrzewamy je równomiernie nad płomieniem — cukier stopi się i zbrązowieje, a sól pozostanie białym proszkiem bez zmian. Częsty błąd to poprzestanie tylko na „smaku” jako jedynej różnicy — pułapka polega właśnie na tym, że smak nie jest tu wystarczającą ani jedyną odpowiedzią, bo pytanie wymaga rozróżnienia bez smakowania, więc trzeba odwołać się do rozpuszczalności, wyglądu kryształów lub temperatury topnienia.",pułapka: poprzestanie na smaku jako jedynej różnicy
4,CHEM-P1-B02,chemia,1,Substancje i ich właściwości,Substancje i ich właściwości,B,2,"Znak czaszki – trucizna, zasady BHP","Zobaczyłeś opakowanie ze znakiem czaszki i skrzyżowanych piszczeli. Co to oznacza i jak powinieneś się zachować, pracując z taką substancją?","Piktogram z czaszką i skrzyżowanymi piszczelami oznacza substancję toksyczną (truciznę) — czyli taką, która po połknięciu, wdychaniu lub wchłonięciu przez skórę może poważnie zaszkodzić zdrowiu lub zagrozić życiu, nawet w niewielkiej ilości. Pracując z taką substancją, należy unikać jakiegokolwiek kontaktu ze skórą, oczami i drogami oddechowymi, koniecznie używać rękawiczek i najlepiej okularów ochronnych, pracować w dobrze wentylowanym pomieszczeniu, nigdy jej nie smakować ani nie wąchać bezpośrednio, a po zakończeniu pracy dokładnie umyć ręce. Kluczowa pułapka: ten znak nie oznacza substancji żrącej ani drażniącej — te mają zupełnie inne piktogramy (żrąca to symbol z kroplami niszczącymi powierzchnię i dłoń), więc mylenie czaszki z substancją żrącą jest błędem — czaszka to zawsze sygnał trucizny.",pułapka: mylenie piktogramu trucizny z piktogramem substancji żrącej
5,CHEM-P1-B03,chemia,1,Substancje i ich właściwości,Substancje i ich właściwości,B,3,Trzy stany skupienia – przykłady,"Wymień trzy stany skupienia materii i podaj po jednym przykładzie substancji, która w temperaturze pokojowej występuje w każdym z nich.","Trzy stany skupienia to stały, ciekły i gazowy. Przykład substancji stałej w temperaturze pokojowej to np. żelazo albo sól kuchenna, przykład substancji ciekłej to np. woda albo alkohol etylowy, a przykład substancji gazowej to np. tlen albo dwutlenek węgla. Pułapka w tym pytaniu polega na tym, że nie wolno podać samej wody jako przykładu wszystkich trzech stanów (lód, woda, para wodna) — pytanie wyraźnie prosi o trzy różne substancje, z których każda naturalnie występuje w innym stanie właśnie w temperaturze pokojowej, a nie o tę samą substancję zmienianą sztucznie temperaturą.",pułapka: podanie wody we wszystkich trzech stanach zamiast trzech różnych substancji
6,CHEM-P1-B04,chemia,1,Substancje i ich właściwości,Substancje i ich właściwości,B,4,Dyfuzja a rozpuszczanie,Czym różni się dyfuzja od rozpuszczania? Podaj przykład jednego i drugiego zjawiska.,"Dyfuzja to samorzutne przenikanie i mieszanie się cząsteczek jednej substancji między cząsteczkami drugiej, wynikające z ich chaotycznego ruchu, i zachodzi bez udziału rozpuszczalnika — np. zapach perfum rozprzestrzeniający się po całym pokoju to dyfuzja cząsteczek gazu w powietrzu. Rozpuszczanie natomiast to proces, w którym jedna substancja (rozpuszczana) rozprasza się równomiernie w drugiej substancji pełniącej rolę rozpuszczalnika, tworząc jednorodny roztwór — np. cukier rozpuszczający się w wodzie. Różnica jest więc taka, że dyfuzja to ogólne zjawisko mieszania się cząsteczek (może zachodzić np. między gazami, bez żadnego rozpuszczalnika), a rozpuszczanie to szczególny przypadek mieszania, w którym zawsze bierze udział rozpuszczalnik i powstaje roztwór. Pułapka: nie każde mieszanie się to rozpuszczanie — dyfuzja gazów w powietrzu nie jest rozpuszczaniem, bo nie ma tu klasycznego rozpuszczalnika ciekłego, tylko wzajemne przenikanie cząsteczek.",pułapka: mylenie dyfuzji z rozpuszczaniem
7,CHEM-P1-B05,chemia,1,Substancje i ich właściwości,Substancje i ich właściwości,B,5,Mieszanina jednorodna i niejednorodna,"Podaj przykład mieszaniny jednorodnej i niejednorodnej i wytłumacz, po czym to rozpoznajesz gołym okiem.","Przykładem mieszaniny jednorodnej jest roztwór soli w wodzie — gołym okiem, a nawet pod mikroskopem optycznym, nie da się dostrzec granic między składnikami, cała ciecz wygląda tak samo w każdym miejscu (jest przezroczysta i jednolita). Przykładem mieszaniny niejednorodnej jest woda z piaskiem albo mętny sok z miąższem — tutaj widać wyraźnie osobne cząstki lub warstwy składników, ciecz jest mętna lub ziarnista, a po pewnym czasie cięższy składnik (np. piasek) opada na dno. Kluczowa pułapka: sama mętność albo jeden dominujący kolor cieczy nie świadczy o jednorodności — trzeba patrzeć, czy da się fizycznie wyodrębnić widoczne, osobne cząstki lub warstwy; mętna, ale pozornie jednokolorowa ciecz (np. zawiesina kredy w wodzie) to wciąż mieszanina niejednorodna, bo z czasem się rozdzieli.",pułapka: uznanie mętnej cieczy za jednorodną
8,CHEM-P1-B06,chemia,1,Substancje i ich właściwości,Substancje i ich właściwości,B,6,Rozdzielanie piasku i soli z wody,"Masz mieszaninę piasku i soli rozpuszczonej w wodzie. Jakich metod użyjesz krok po kroku, żeby odzyskać osobno piasek i sól?","Najpierw trzeba przeprowadzić sączenie (filtrację) całej mieszaniny przez sączek — piasek jako substancja nierozpuszczalna zostanie na sączku, a przez sączek przejdzie klarowny roztwór soli w wodzie (przesącz). Następnie ten przesącz (roztwór soli) trzeba poddać odparowaniu wody, np. przez podgrzewanie w parowniczce, aż woda odparuje i zostanie sucha sól — jeśli zależy nam na dużych, ładnych kryształach, można zamiast szybkiego odparowania zastosować powolną krystalizację. Kluczowy błąd, którego trzeba uniknąć: nie można od razu odparowywać całej mieszaniny z piaskiem — sączenie musi być pierwszym krokiem, bo dopiero ono rozdziela nierozpuszczalny piasek od rozpuszczonej soli; pominięcie sączenia sprawi, że po odparowaniu otrzymamy nieodseparowaną mieszaninę soli i piasku razem.",pułapka: pominięcie sączenia przed odparowaniem/krystalizacją
9,CHEM-P1-B07,chemia,1,Substancje i ich właściwości,Substancje i ich właściwości,B,7,Woda mineralna – związek czy mieszanina?,"Czy woda mineralna to związek chemiczny, mieszanina czy pierwiastek? Uzasadnić.","Woda mineralna to mieszanina (dokładniej: roztwór), a nie czysty związek chemiczny ani pierwiastek. Zawiera bowiem wodę (H2O) jako rozpuszczalnik oraz rozpuszczone w niej różne sole mineralne i gazy, np. jony wapnia, magnezu, sodu, wodorowęglany czy rozpuszczony dwutlenek węgla — a skład i proporcje tych składników różnią się w zależności od źródła wody. Pułapka polega na myleniu czystej wody destylowanej, która rzeczywiście jest związkiem chemicznym H2O, z wodą mineralną, która nigdy nie jest czystym H2O, tylko roztworem wody z rozpuszczonymi w niej innymi substancjami — dlatego to, że nazwa zawiera słowo „woda”, nie oznacza, że jest to ten sam byt co czysty związek chemiczny.",pułapka: mylenie związku chemicznego H2O z wodą mineralną jako roztworem
10,CHEM-P1-B08,chemia,1,Substancje i ich właściwości,Substancje i ich właściwości,B,8,Metal i niemetal – cechy odróżniające,"Podaj po jednym przykładzie metalu i niemetalu i wymień dwie cechy, po których je odróżniasz.","Przykładem metalu jest żelazo, a przykładem niemetalu jest siarka. Dwie cechy, po których je odróżniamy: po pierwsze przewodnictwo — metale, takie jak żelazo, dobrze przewodzą prąd elektryczny i ciepło, a niemetale, takie jak siarka, są złymi przewodnikami (izolatorami); po drugie wygląd i podatność na odkształcenia — metale mają charakterystyczny połysk metaliczny i są kowalne oraz ciągliwe (można je wyginać, kuć, ciągnąć w druty bez pękania), a niemetale najczęściej nie mają połysku i są kruche, czyli łatwo się łamią lub kruszą pod naciskiem. Pułapka: samo stwierdzenie „metal jest twardy” to za mało i bywa nawet mylące (bo są miękkie metale, np. sód), dlatego odpowiedź musi odwoływać się do przewodnictwa i/lub połysku i kowalności, a nie do samej twardości.",pułapka: poprzestanie na „metal jest twardy” zamiast przewodnictwa/połysku
11,CHEM-P1-B09,chemia,1,Substancje i ich właściwości,Substancje i ich właściwości,B,9,"Symbole Fe, K, Ag","Zapisz symbole chemiczne żelaza, potasu i srebra bez podglądania układu okresowego.","Symbol chemiczny żelaza to Fe (od łacińskiej nazwy ferrum), symbol potasu to K (od łacińskiej nazwy kalium), a symbol srebra to Ag (od łacińskiej nazwy argentum). Typowe pułapki, których trzeba unikać: potasu (K) nie wolno mylić z wapniem (Ca), żelaza (Fe) nie wolno mylić z fluorem (F), a srebra (Ag) nie wolno mylić z glinem (Al) — te pomyłki biorą się z kojarzenia symbolu z polską nazwą pierwiastka zamiast z jego łacińskim źródłosłowem, dlatego warto zapamiętać te trzy symbole właśnie jako wyjątki od „pierwszej litery polskiej nazwy”.","pułapka: mylenie K z Ca, Fe z F, Ag z Al"
12,CHEM-P1-B10,chemia,1,Substancje i ich właściwości,Substancje i ich właściwości,B,10,Obliczanie gęstości metalu (glin?),"Kostka metalu ma masę 54 g i objętość 20 cm³. Oblicz jej gęstość i sprawdź, czy to może być glin (gęstość ok. 2,7 g/cm³).","Gęstość obliczamy ze wzoru d = m / V, czyli dzielimy masę przez objętość, a nie odwrotnie. Podstawiając dane: d = 54 g / 20 cm³ = 2,7 g/cm³. Ponieważ otrzymana wartość dokładnie odpowiada podanej gęstości glinu (ok. 2,7 g/cm³), kostka rzeczywiście może być wykonana z glinu. Najczęstszy błąd (pułapka) to podzielenie objętości przez masę (20/54), co dałoby błędny wynik ok. 0,37 i prowadziłoby do fałszywego wniosku, że to nie glin — trzeba pamiętać, że gęstość zawsze liczymy jako masę na jednostkę objętości, czyli masa w liczniku, objętość w mianowniku.",pułapka: dzielenie objętości przez masę zamiast masy przez objętość
13,CHEM-P1-C01,chemia,1,Substancje i ich właściwości,Substancje i ich właściwości,C,1,"Rozpoznawanie wody, roztworu soli i alkoholu","Masz nieoznakowaną butelkę z bezbarwnym płynem. Zanim opiszesz dokładne kroki — oszacuj „na oko”, którą z trzech cieczy (woda, roztwór soli, alkohol) najłatwiej odróżnić od pozostałych dwóch i dlaczego. Potem zaproponuj pełny sposób sprawdzenia, korzystając z właściwości fizycznych, bez smakowania i wąchania na oślep.","Najłatwiej na pierwszy rzut oka odróżnić alkohol od pozostałych dwóch cieczy, ponieważ różni się od nich najwyraźniej pod względem właściwości fizycznych, takich jak lotność i palność — woda i roztwór soli są do siebie znacznie bardziej podobne (obie to w gruncie rzeczy woda, tylko z różną zawartością rozpuszczonej soli), więc odróżnienie ich od siebie wymaga dokładniejszego pomiaru. Pełny sposób sprawdzenia bez smakowania i wąchania na oślep: po pierwsze, można ostrożnie sprawdzić palność niewielkiej próbki z bezpiecznej odległości (np. zbliżając zapaloną zapałkę do niewielkiej ilości płynu w metalowym naczyniu) — alkohol się zapali, a woda i roztwór soli nie; po drugie, żeby odróżnić wodę od roztworu soli, trzeba odparować niewielką próbkę każdej cieczy w parowniczce — po odparowaniu wody nie zostanie żaden osad, a po odparowaniu roztworu soli zostanie biały, krystaliczny osad; dodatkowo można porównać gęstość obu próbek (roztwór soli będzie nieco gęstszy od czystej wody). Dzięki takiemu połączeniu testu na palność i testu na obecność osadu po odparowaniu można jednoznacznie rozróżnić wszystkie trzy ciecze bez smakowania czy bezpośredniego wąchania.",
14,CHEM-P1-C02,chemia,1,Substancje i ich właściwości,Substancje i ich właściwości,C,2,Rozdzielanie mieszaniny dwóch metali wg gęstości,"Masz próbkę 135 g złożoną z dwóch niestopionych metali o różnej gęstości. Wytłumacz, jak wykorzystałbyś jednocześnie znajomość gęstości i metod rozdzielania mieszanin, żeby je rozdzielić.","Ponieważ próbka to niestopione ze sobą kawałki (czyli fizyczna mieszanina dwóch różnych metali, a nie stop), można wykorzystać różnicę w ich gęstości jako podstawę do rozdzielenia metodą sedymentacji/flotacji: wystarczy wsypać całą próbkę do cieczy o gęstości pośredniej między gęstościami obu metali (czyli większej od gęstości lżejszego metalu, a mniejszej od gęstości cięższego) — wtedy lżejszy metal będzie unosił się lub opadał wolniej i zbierze się na górze albo zostanie łatwo oddzielony, a cięższy metal opadnie szybciej na dno naczynia. Po rozdzieleniu obu frakcji, dla każdej z nich osobno mierzymy masę i objętość (np. przez wyparcie wody) i obliczamy gęstość d = m/V, co pozwala jednoznacznie potwierdzić, z jakiego metalu składa się dana frakcja, porównując wynik z tabelaryczną gęstością znanych metali. To pytanie łączy więc dwie umiejętności naraz: użycie różnicy gęstości jako fizycznej podstawy metody rozdzielania mieszanin oraz obliczanie i interpretację gęstości do identyfikacji substancji.",
15,CHEM-P1-C03,chemia,1,Substancje i ich właściwości,Substancje i ich właściwości,C,3,Identyfikacja nieznanej substancji – kolejność testów,"Podano Ci nieznaną szarą substancję stałą. Zaproponuj kolejność testów (właściwości fizyczne → klasyfikacja metal/niemetal → symbol chemiczny), żeby dojść do tego, czym ona jest.","Najpierw należy zbadać podstawowe właściwości fizyczne próbki: obejrzeć, czy ma połysk, zmierzyć jej masę i objętość, by obliczyć gęstość, sprawdzić twardość (np. czy da się zarysować, czy jest krucha) oraz, jeśli to możliwe i bezpieczne, sprawdzić przewodnictwo elektryczne za pomocą prostego obwodu z żarówką. Na podstawie zebranych wyników (np. połysk, dobre przewodnictwo prądu, kowalność) klasyfikujemy substancję jako metal albo (przy braku połysku, złym przewodnictwie i kruchości) jako niemetal. Dopiero mając tę klasyfikację i zmierzoną gęstość, porównujemy wyniki z danymi tabelarycznymi znanych pierwiastków o podobnej gęstości i wyglądzie, żeby wskazać najbardziej prawdopodobny pierwiastek i podać jego symbol chemiczny — np. jeśli substancja ma połysk, dobrze przewodzi prąd i ma gęstość zbliżoną do 7,9 g/cm³, prawdopodobnie jest to żelazo (Fe). Taka kolejność jest logiczna, bo każdy kolejny krok opiera się na wynikach poprzedniego — bez zbadania właściwości fizycznych nie da się poprawnie sklasyfikować substancji, a bez klasyfikacji trudno zawęzić poszukiwania do konkretnego symbolu.",
16,CHEM-P1-D01,chemia,1,Substancje i ich właściwości,Substancje i ich właściwości,D,1,Błąd: olej „rozpuszcza się” w wodzie,"Kolega twierdzi: „Zmieszałem wodę z olejem, poczekałem i olej się rozpuścił w wodzie, bo ciecz stała się jednorodna”. Oceń to zdanie.","To zdanie zawiera błąd. Olej nie rozpuszcza się w wodzie — te dwie ciecze są ze sobą niemieszalne, więc po zmieszaniu i intensywnym wstrząśnięciu może na chwilę powstać mętna, tymczasowa mieszanina (emulsja), ale nie jest ona jednorodna, tylko niejednorodna, co widać po jej mętnym wyglądzie. Po odczekaniu chwili olej i woda ponownie się rozdzielą na dwie wyraźne warstwy — olej, jako lżejszy, uniesie się na powierzchnię wody — co jest dokładnym przeciwieństwem tego, co twierdzi kolega. Żeby to wytłumaczyć koledze: prawdziwe rozpuszczanie daje trwały, przezroczysty roztwór, który sam się nie rozdziela z czasem, a to, co on zaobserwował po zmieszaniu oleju z wodą, to tylko chwilowe, niestabilne wymieszanie dwóch niemieszalnych cieczy, a nie rozpuszczenie.",zadanie zawiera błąd
17,CHEM-P1-D02,chemia,1,Substancje i ich właściwości,Substancje i ich właściwości,D,2,Błąd: żelazo jako niemetal (rdzewienie),"Koleżanka mówi: „Żelazo jest niemetalem, bo rdzewieje i staje się kruche”. Oceń.","To zdanie zawiera błąd. Żelazo pozostaje metalem — ma wszystkie typowe cechy metalu: połysk, dobre przewodnictwo prądu i ciepła oraz kowalność, dopóki nie zajdzie reakcja chemiczna. Rdzewienie to reakcja chemiczna żelaza z tlenem i wilgocią z powietrza, w wyniku której powstaje zupełnie nowa substancja — tlenek żelaza (rdza) — o innych właściwościach niż czyste żelazo, w tym rzeczywiście krucha i pozbawiona połysku. Ale to, że produkt reakcji (rdza) jest kruchy, nie oznacza, że samo żelazo przestaje być metalem — rdza to inna substancja chemiczna, a nie żelazo w innej postaci fizycznej. Żeby wytłumaczyć to koledze/koleżance: kruchość rdzy świadczy o tym, że zaszła zmiana chemiczna i powstał nowy związek, a nie o tym, że pierwiastek żelazo zmienił swoją przynależność do grupy metali.",zadanie zawiera błąd
18,CHEM-P2-A01,chemia,2,Wewnętrzna budowa materii,Wewnętrzna budowa materii,A,1,Dlaczego atomy się łączą – elektrony walencyjne,"Wytłumacz koledze, dlaczego atomy w ogóle „chcą” się ze sobą łączyć — co to ma wspólnego z elektronami na ostatniej powłoce?","Atomy „dążą” do osiągnięcia trwałej konfiguracji elektronowej, czyli 8 elektronów na ostatniej powłoce (reguła oktetu; wyjątkiem są wodór i hel, dla których trwała liczba to 2). Większość atomów ma niepełną ostatnią powłokę, więc jest energetycznie mniej stabilna. Łącząc się z innymi atomami — oddając, przyjmując lub uwspólniając elektrony walencyjne — atom może „uzupełnić” swoją ostatnią powłokę do konfiguracji najbliższego gazu szlachetnego, co obniża energię układu i czyni go trwalszym. Dlatego to właśnie liczba elektronów walencyjnych decyduje, z kim i w jaki sposób dany atom się połączy.",
19,CHEM-P2-A02,chemia,2,Wewnętrzna budowa materii,Wewnętrzna budowa materii,A,2,"Pierwiastek, atom, cząsteczka – różnice","Na czym polega różnica między pierwiastkiem, atomem i cząsteczką — użyj własnych słów i przykładu.","Atom to najmniejsza cząstka danego pierwiastka, zbudowana z jądra (protony i neutrony) oraz krążących wokół niego elektronów — np. pojedynczy atom tlenu O. Pierwiastek to zbiór (rodzaj) atomów o tej samej liczbie atomowej, czyli tej samej liczbie protonów — np. „tlen” jako pierwiastek to wszystkie atomy o Z=8, niezależnie od tego, w jakiej formie akurat występują. Cząsteczka to natomiast trwałe połączenie co najmniej dwóch atomów wiązaniami chemicznymi — może to być cząsteczka jednego pierwiastka (np. O₂ — dwa połączone atomy tlenu) albo związku chemicznego (np. H₂O — atomy dwóch różnych pierwiastków, wodoru i tlenu). Krótko: pierwiastek to „rodzaj” atomu, atom to pojedyncza cząstka, a cząsteczka to zestaw atomów połączonych wiązaniem.",
20,CHEM-P2-B01,chemia,2,Wewnętrzna budowa materii,Wewnętrzna budowa materii,B,1,Atom wodoru vs helu – liczba atomowa,Czym różni się atom wodoru (Z=1) od atomu helu (Z=2)? Co dokładnie oznacza liczba atomowa?,"Liczba atomowa (Z) to liczba protonów w jądrze atomu — to ona definiuje dany pierwiastek (każdy pierwiastek ma swoją unikalną liczbę atomową), a w atomie obojętnym jest też równa liczbie elektronów. Atom wodoru ma Z=1, czyli 1 proton w jądrze i 1 elektron na jedynej powłoce. Atom helu ma Z=2, czyli 2 protony i 2 elektrony — hel ma więc o jeden proton i jeden elektron więcej niż wodór, a jego jedyna powłoka (K) jest już całkowicie zapełniona (2 elektrony = trwała konfiguracja), dlatego hel jest gazem szlachetnym, a wodór nie. Uwaga: liczba atomowa (Z) to NIE to samo co liczba masowa (A) — liczba masowa to suma protonów i neutronów, a liczba atomowa to wyłącznie liczba protonów.",pułapka: mylenie liczby atomowej z liczbą masową
21,CHEM-P2-B02,chemia,2,Wewnętrzna budowa materii,Wewnętrzna budowa materii,B,2,Okres i grupa – powłoki i elektrony walencyjne,Pierwiastek leży w 3. okresie i 1. grupie układu okresowego. Ile powłok elektronowych ma jego atom i ile elektronów jest na ostatniej powłoce?,"Numer okresu wskazuje liczbę powłok elektronowych — atom w 3. okresie ma 3 powłoki elektronowe. Numer grupy głównej wskazuje liczbę elektronów walencyjnych — atom w 1. grupie ma 1 elektron na ostatniej powłoce. Chodzi tu o sód (Na): 3 powłoki, 1 elektron walencyjny. Uwaga: numer okresu NIE mówi o liczbie elektronów walencyjnych (mówi o liczbie powłok), a numer grupy głównej NIE mówi o liczbie powłok (mówi o liczbie elektronów walencyjnych) — to dwie zupełnie różne informacje i łatwo je ze sobą pomylić.","pułapka: mylenie numeru okresu z liczbą elektronów walencyjnych, a numeru grupy z liczbą powłok"
22,CHEM-P2-B03,chemia,2,Wewnętrzna budowa materii,Wewnętrzna budowa materii,B,3,"Protony, neutrony, elektrony z Z i A","Atom pewnego pierwiastka ma liczbę atomową 17 i liczbę masową 35. Ile ma protonów, neutronów i elektronów?","Liczba protonów = liczba atomowa = 17. W atomie obojętnym liczba elektronów jest równa liczbie protonów, więc elektronów też jest 17. Liczbę neutronów obliczamy jako różnicę liczby masowej i liczby atomowej: 35 − 17 = 18 neutronów. Ten atom to chlor (Cl) — dokładnie izotop ³⁵Cl. Uwaga: liczbę neutronów zawsze wyliczamy przez ODEJMOWANIE (liczba masowa minus liczba atomowa), a nie przez dodawanie tych dwóch liczb.",pułapka: neutrony = liczba masowa − liczba atomowa; częsty błąd — dodawanie zamiast odejmowania
23,CHEM-P2-B04,chemia,2,Wewnętrzna budowa materii,Wewnętrzna budowa materii,B,4,"Izotopy wodoru: prot, deuter, tryt","Czym różnią się od siebie izotopy wodoru: prot, deuter i tryt? Podaj jedno zastosowanie dowolnego izotopu.","Prot, deuter i tryt to trzy odmiany (izotopy) tego samego pierwiastka — wodoru. Wszystkie mają tę samą liczbę protonów (1, bo to definiuje wodór) i tę samą liczbę elektronów (1), różnią się natomiast liczbą neutronów w jądrze: prot nie ma żadnego neutronu (0), deuter ma 1 neutron, a tryt ma 2 neutrony. Ta różnica w liczbie neutronów sprawia, że mają różną liczbę masową i różną masę atomową, choć chemicznie zachowują się bardzo podobnie. Zastosowanie: deuter wykorzystuje się do produkcji „ciężkiej wody” stosowanej m.in. jako moderator w niektórych reaktorach jądrowych, a tryt — jako promieniotwórcze źródło światła np. w podświetlanych wskazówkach zegarków lub w celownikach.",pułapka: mylenie izotopów z różnymi pierwiastkami
24,CHEM-P2-B05,chemia,2,Wewnętrzna budowa materii,Wewnętrzna budowa materii,B,5,Odczyt danych o wapniu z układu okresowego,"Korzystając z układu okresowego, odczytaj dla wapnia: symbol, liczbę atomową, przybliżoną masę atomową i czy to metal czy niemetal.","Wapń ma symbol Ca, liczbę atomową 20 (czyli 20 protonów w jądrze) i przybliżoną masę atomową ok. 40 u. Wapń jest metalem — należy do metali ziem alkalicznych (2. grupa układu okresowego), co widać też po jego położeniu po lewej stronie układu. Uwaga: liczba atomowa (20, zwykle mniejsza liczba przy symbolu) to co innego niż masa atomowa (ok. 40, uwzględniająca też neutrony) — nie wolno ich mylić, mimo że w tabeli występują blisko siebie.",pułapka: pomylenie masy atomowej z liczbą atomową
25,CHEM-P2-B06,chemia,2,Wewnętrzna budowa materii,Wewnętrzna budowa materii,B,6,"Fluor i chlor – ta sama grupa, podobne właściwości","Fluor (F) i chlor (Cl) są w tej samej grupie. Dlaczego mają podobne właściwości chemiczne, mimo że różnią się liczbą powłok?","Fluor i chlor należą do tej samej grupy (17. — fluorowce), co oznacza, że oba mają dokładnie taką samą liczbę elektronów walencyjnych — po 7 na ostatniej powłoce (fluor ma 2 powłoki, chlor 3, więc różnią się rozmiarem atomu, ale nie liczbą elektronów walencyjnych). To właśnie liczba elektronów na ostatniej powłoce decyduje o właściwościach chemicznych pierwiastka — oba dążą do przyjęcia jednego elektronu, by uzyskać trwały oktet, dlatego oba łatwo tworzą jony -1 i wykazują podobną reaktywność (choć z różną intensywnością, bo dodatkowa powłoka w chlorze wpływa na siłę przyciągania dodatkowego elektronu).",pułapka: odpowiedź bez odniesienia do liczby elektronów walencyjnych
26,CHEM-P2-B07,chemia,2,Wewnętrzna budowa materii,Wewnętrzna budowa materii,B,7,Zapis 2H vs H2 vs 2H2,Czym różni się zapis 2H od H₂? A czym różni się H₂ od 2H₂?,"2H oznacza dwa pojedyncze, niepołączone ze sobą atomy wodoru — współczynnik stechiometryczny (liczba postawiona przed symbolem/wzorem) mówi o liczbie osobnych cząstek. H₂ oznacza jedną cząsteczkę wodoru cząsteczkowego, złożoną z dwóch atomów połączonych wiązaniem — wskaźnik (indeks dolny) mówi o liczbie atomów danego pierwiastka wewnątrz jednej cząsteczki. Natomiast 2H₂ oznacza dwie cząsteczki wodoru cząsteczkowego, czyli łącznie 4 atomy wodoru (współczynnik przed wzorem mnoży całą cząsteczkę razem z jej wskaźnikami). Kluczowa różnica: współczynnik stechiometryczny mnoży całą cząsteczkę, a wskaźnik dotyczy tylko liczby atomów wewnątrz pojedynczej cząsteczki — to dwie zupełnie różne rzeczy, których nie wolno mylić.",pułapka: mylenie współczynnika stechiometrycznego ze wskaźnikiem w cząsteczce
27,CHEM-P2-B08,chemia,2,Wewnętrzna budowa materii,Wewnętrzna budowa materii,B,8,Dlaczego elektrony walencyjne decydują o wiązaniach,"Dlaczego to elektrony z ostatniej powłoki (a nie np. z powłoki wewnętrznej) decydują o tym, jak atom łączy się z innymi atomami?","Elektrony walencyjne, czyli te na ostatniej (najbardziej zewnętrznej) powłoce, znajdują się najdalej od jądra i są z nim najsłabiej związane, więc to one jako pierwsze biorą udział w oddziaływaniach z innymi atomami — mogą być oddawane, przyjmowane lub uwspólniane. Elektrony na powłokach wewnętrznych są znacznie silniej przyciągane przez jądro i dodatkowo „osłonięte” przez elektrony znajdujące się bliżej powierzchni atomu, więc praktycznie nie uczestniczą w tworzeniu wiązań chemicznych. Dlatego to właśnie liczba i rozmieszczenie elektronów walencyjnych decyduje o tym, w jaki sposób i z jakimi atomami dany pierwiastek się połączy.",pułapka: brak rozróżnienia elektronów walencyjnych od pozostałych
28,CHEM-P2-B09,chemia,2,Wewnętrzna budowa materii,Wewnętrzna budowa materii,B,9,Wzory NH3 i CH4 – wiązanie kowalencyjne,"Zapisz wzór sumaryczny i strukturalny amoniaku (NH₃) i metanu (CH₄). Czy wiązania w tych cząsteczkach są kowalencyjne czy jonowe? Uzasadnij, odwołując się do elektroujemności.","Amoniak: wzór sumaryczny NH₃, wzór strukturalny to atom azotu w środku połączony trzema pojedynczymi wiązaniami z trzema atomami wodoru (H–N(–H)–H), z dodatkową wolną parą elektronową na azocie. Metan: wzór sumaryczny CH₄, wzór strukturalny to atom węgla w środku połączony czterema pojedynczymi wiązaniami z czterema atomami wodoru. W obu cząsteczkach wiązania są kowalencyjne (atomowe) — azot, węgiel i wodór to niemetale, a różnica elektroujemności między nimi jest zbyt mała, by doszło do całkowitego przeniesienia elektronu z jednego atomu na drugi (co jest cechą wiązania jonowego). Zamiast tego atomy dzielą się wspólnymi parami elektronowymi, tworząc wiązanie kowalencyjne.",pułapka: przypisanie wiązania jonowego związkom dwóch niemetali
29,CHEM-P2-B10,chemia,2,Wewnętrzna budowa materii,Wewnętrzna budowa materii,B,10,Jony Na+ i O2- w Na2O,Zapisz jony powstające z atomów sodu i tlenu wraz z ładunkiem i wskaż je we wzorze Na₂O.,"Sód (grupa 1, 1 elektron walencyjny) oddaje ten jeden elektron, tworząc jon Na⁺. Tlen (grupa 16, 6 elektronów walencyjnych) przyjmuje 2 brakujące elektrony do oktetu, tworząc jon O²⁻. We wzorze Na₂O znajdują się 2 jony Na⁺ i 1 jon O²⁻ — taki dobór indeksów bilansuje ładunki: 2×(+1) + 1×(−2) = 0, więc cały związek jest elektrycznie obojętny.","pułapka: błędny ładunek jonu tlenu — powinno być O²⁻, nie O⁻"
30,CHEM-P2-B11,chemia,2,Wewnętrzna budowa materii,Wewnętrzna budowa materii,B,11,Związek jonowy vs kowalencyjny – cechy,Podaj po jednej cesze odróżniającej związek jonowy od kowalencyjnego dotyczącej: stanu skupienia w temperaturze pokojowej oraz przewodzenia prądu.,"Stan skupienia: związki jonowe są w temperaturze pokojowej zazwyczaj ciałami stałymi o wysokiej temperaturze topnienia, ponieważ jony w sieci krystalicznej są mocno przyciągane siłami elektrostatycznymi we wszystkich kierunkach; związki kowalencyjne to znacznie częściej gazy, ciecze lub miękkie ciała stałe o niższych temperaturach topnienia, bo siły między cząsteczkami są słabsze. Przewodzenie prądu: związki jonowe przewodzą prąd elektryczny dopiero w stanie stopionym lub rozpuszczonym w wodzie, gdy jony stają się swobodnie ruchome — w stanie stałym NIE przewodzą, bo jony są uwięzione w sztywnej sieci krystalicznej. Związki kowalencyjne (np. cukier, woda destylowana) zwykle prądu nie przewodzą, bo nie zawierają swobodnych nośników ładunku.","pułapka: przypisanie przewodnictwa elektrycznego związkom jonowym w stanie stałym, zamiast w roztworze/stopie"
31,CHEM-P2-B12,chemia,2,Wewnętrzna budowa materii,Wewnętrzna budowa materii,B,12,Wartościowość fosforu względem H i O,"Fosfor jest w grupie 15. Jaka jest jego wartościowość względem wodoru, a jaka maksymalna względem tlenu?","Wartościowość względem wodoru dla pierwiastków grup 14–17 liczymy jako 8 minus numer grupy: 8 − 15 = 3, więc fosfor jest trójwartościowy względem wodoru (tworzy PH₃ — fosforowodór). Maksymalna wartościowość względem tlenu dla grup głównych odpowiada numerowi grupy w starszej, rzymskiej numeracji (grupa 15 = grupa VA), czyli wynosi 5 (fosfor tworzy wtedy P₂O₅). Uwaga: to dwa różne sposoby liczenia — dla wodoru odejmujemy numer grupy od 8, a dla tlenu bierzemy sam numer grupy głównej — nie wolno stosować jednego wzoru do obu przypadków.",pułapka: mylenie sposobu wyliczania obu wartościowości
32,CHEM-P2-B13,chemia,2,Wewnętrzna budowa materii,Wewnętrzna budowa materii,B,13,"Nazwa SO3, wzór tlenku azotu(V)","Związek chemiczny ma wzór SO₃. Podaj jego nazwę. Znając nazwę „tlenek azotu(V)”, zapisz jego wzór sumaryczny.","SO₃ to tlenek siarki(VI) — siarka ma tu wartościowość VI, bo trzy atomy tlenu (każdy o wartościowości II) dają w sumie 3×2=6, co musi zrównoważyć wartościowość jednego atomu siarki: 1×6=6. Dla tlenku azotu(V): azot ma wartościowość V, tlen zawsze II, więc dobieramy indeksy tak, by iloczyny się zgadzały — najmniejsza wspólna wielokrotność 5 i 2 to 10, czyli potrzeba 2 atomów azotu (2×5=10) i 5 atomów tlenu (5×2=10), co daje wzór N₂O₅.",pułapka: błędne dobranie indeksów na podstawie wartościowości
33,CHEM-P2-C01,chemia,2,Wewnętrzna budowa materii,Wewnętrzna budowa materii,C,1,"Pierwiastek Z=12 – powłoki, elektrony walencyjne, wiązanie z tlenem","Pierwiastek X ma liczbę atomową 12. Zanim dokładnie sprawdzisz w układzie okresowym — oszacuj „na oko”, czy to raczej metal czy niemetal. Potem określ liczbę powłok, liczbę elektronów walencyjnych i typ wiązania, jakie ten pierwiastek utworzy z tlenem.","Pierwiastek X o liczbie atomowej 12 to magnez (Mg). Magnez leży w lewej części układu okresowego (2. grupa), więc — zgodnie z ogólną zasadą, że metale znajdują się po lewej i w środku układu, a niemetale po prawej stronie — jest to metal. Magnez znajduje się w 3. okresie, więc jego atom ma 3 powłoki elektronowe, a jako pierwiastek 2. grupy ma 2 elektrony walencyjne. Z tlenem — niemetalem o dużej elektroujemności — magnez utworzy wiązanie jonowe: odda swoje 2 elektrony walencyjne, powstając jon Mg²⁺, a tlen przyjmie je, tworząc jon O²⁻; powstały związek to MgO.",
34,CHEM-P2-C02,chemia,2,Wewnętrzna budowa materii,Wewnętrzna budowa materii,C,2,Atom sodu vs jon Na+ – przewodnictwo NaCl,"Porównaj atom sodu i jon sodu (Na⁺) — czym różnią się liczbą elektronów, a czym nie różnią się wcale? Połącz to z wytłumaczeniem, dlaczego NaCl przewodzi prąd w roztworze wodnym, a stały NaCl nie.","Atom sodu jest obojętny elektrycznie i ma 11 protonów oraz 11 elektronów. Jon Na⁺ powstaje, gdy atom sodu odda 1 elektron walencyjny, więc ma nadal 11 protonów, ale już tylko 10 elektronów — stąd dodatni ładunek. Różnią się więc liczbą elektronów (11 vs 10), a nie różnią się wcale liczbą protonów — to nadal ten sam pierwiastek, sód. To rozróżnienie tłumaczy zachowanie NaCl: w stałym NaCl jony Na⁺ i Cl⁻ tworzą sztywną sieć krystaliczną, w której są unieruchomione i nie mogą się swobodnie poruszać, więc prąd nie jest przewodzony. Po rozpuszczeniu w wodzie sieć krystaliczna rozpada się, a jony Na⁺ i Cl⁻ stają się swobodnie ruchome w roztworze — mogą więc przenosić ładunek elektryczny, dzięki czemu roztwór przewodzi prąd.",
35,CHEM-P2-C03,chemia,2,Wewnętrzna budowa materii,Wewnętrzna budowa materii,C,3,"CO2 – wiązanie, wzór strukturalny, wartościowość","Mając cząsteczkę CO₂, wskaż: rodzaj wiązania, wzór strukturalny oraz wartościowość węgla i tlenu w tym związku — pokazując, jak te trzy rzeczy są ze sobą powiązane.","W CO₂ mamy do czynienia z wiązaniem kowalencyjnym (atomowym), ponieważ węgiel i tlen to niemetale, a różnica ich elektroujemności nie jest na tyle duża, by doszło do całkowitego przeniesienia elektronów. Węgiel ma wartościowość 4, a tlen wartościowość 2 — te wartościowości mówią, ile wiązań (ile par elektronowych) tworzy każdy z atomów. Ponieważ węgiel musi utworzyć łącznie 4 wiązania, a przypada na niego tylko 2 atomy tlenu (każdy o wartościowości 2, czyli tworzący 2 „jednostki” wiązania), jedynym sposobem na zbilansowanie wartościowości jest utworzenie z każdym atomem tlenu wiązania podwójnego: 2 (wiązania podwójne) × 2 (atomy O) = 4, co zgadza się z wartościowością węgla. Stąd wzór strukturalny to O=C=O — wartościowości obu pierwiastków bezpośrednio wymuszają liczbę i rodzaj wiązań widocznych we wzorze strukturalnym.",
36,CHEM-P2-D01,chemia,2,Wewnętrzna budowa materii,Wewnętrzna budowa materii,D,1,Błąd: liczba elektronów w jonie Cl-,"Kolega pisze: „Atom chloru ma 17 protonów i 17 elektronów, więc jon Cl⁻ też ma 17 elektronów”. Czy ma rację?","Kolega nie ma racji. To prawda, że obojętny atom chloru ma 17 protonów i 17 elektronów, ale jon Cl⁻ powstaje właśnie przez PRZYJĘCIE dodatkowego elektronu (stąd ujemny ładunek, oznaczony minusem), a nie przez zachowanie takiej samej liczby elektronów jak w atomie. Liczba protonów pozostaje bez zmian — nadal jest to chlor (17 protonów) — ale liczba elektronów wzrasta do 18. To właśnie ten dodatkowy, nadmiarowy elektron w stosunku do liczby protonów daje jonowi ładunek −1. Poprawnie: Cl⁻ ma 17 protonów i 18 elektronów, a nie 17 elektronów jak twierdzi kolega.",zadanie zawiera błąd
37,CHEM-P2-D02,chemia,2,Wewnętrzna budowa materii,Wewnętrzna budowa materii,D,2,Błąd: MgO jako związek kowalencyjny,"Koleżanka twierdzi: „MgO to związek kowalencyjny, bo magnez i tlen to pierwiastki, a nie metale i niemetale osobno”. Oceń.","Koleżanka nie ma racji. To, że oba składniki są „pierwiastkami” w ogólnym sensie, nie ma znaczenia dla rodzaju wiązania — kluczowe jest to, czy dany pierwiastek jest metalem czy niemetalem oraz jaka jest różnica elektroujemności między nimi. Magnez (Mg) jest metalem, który łatwo oddaje elektrony, a tlen (O) jest niemetalem o dużej elektroujemności, który łatwo przyjmuje elektrony. To klasyczne połączenie metal + niemetal, przy dużej różnicy elektroujemności, prowadzące do CAŁKOWITEGO przeniesienia elektronów — magnez oddaje 2 elektrony, tworząc jon Mg²⁺, a tlen przyjmuje je, tworząc jon O²⁻. Taki mechanizm to definicja wiązania JONOWEGO, a nie kowalencyjnego. Błąd koleżanki polega na pominięciu podziału na metale i niemetale — sam fakt bycia „pierwiastkiem” nic o tym nie mówi.",zadanie zawiera błąd
38,CHEM-P3a-A01,chemia,3a,Reakcje chemiczne,Reakcje chemiczne,A,1,Jak rozpoznać reakcję chemiczną od zjawiska fizycznego,"Wytłumacz, jak w praktyce rozpoznać, czy coś, co się właśnie wydarzyło, to zjawisko fizyczne czy reakcja chemiczna.","W praktyce sprawdzamy, czy powstała nowa substancja o innych właściwościach niż substancje wyjściowe. Jeśli zmienia się tylko stan skupienia, kształt lub rozdrobnienie (np. topnienie, parowanie, kruszenie), a skład chemiczny pozostaje ten sam — to zjawisko fizyczne, które zwykle łatwo cofnąć. Jeśli natomiast powstaje substancja o nowych właściwościach (inny kolor, zapach, wydziela się gaz, wytrąca się osad, wydziela się lub pochłania duża ilość ciepła/światła) i proces jest trudny lub niemożliwy do odwrócenia prostym sposobem fizycznym — to reakcja chemiczna. Dobrym sygnałem są tzw. oznaki reakcji: zmiana barwy, wydzielenie gazu, powstanie osadu, efekt cieplny lub świetlny.",
39,CHEM-P3a-A02,chemia,3a,Reakcje chemiczne,Reakcje chemiczne,A,2,Po co dobiera się współczynniki reakcji,"Po co w ogóle dobiera się współczynniki w równaniu reakcji — co by się stało, gdyby ich nie dobrać poprawnie?","Współczynniki dobiera się, żeby równanie reakcji spełniało prawo zachowania masy — liczba atomów każdego pierwiastka musi być taka sama po stronie substratów i po stronie produktów, bo atomy w reakcji chemicznej nie znikają ani nie powstają znikąd, tylko się przegrupowują. Gdyby współczynników nie dobrano poprawnie, równanie sugerowałoby, że atomy „gdzieś zniknęły” albo „znikąd się pojawiły”, co jest fizycznie niemożliwe. Takie równanie byłoby błędne merytorycznie, nawet gdyby wzory sumaryczne poszczególnych substancji były zapisane poprawnie, i nie nadawałoby się np. do obliczeń stechiometrycznych (mas czy moli reagentów).",
40,CHEM-P3a-B01,chemia,3a,Reakcje chemiczne,Reakcje chemiczne,B,1,Przykład zjawiska fizycznego i reakcji chemicznej,"Podaj po jednym przykładzie zjawiska fizycznego i reakcji chemicznej z życia codziennego i uzasadnij klasyfikację. (pułapka: uznanie topnienia lodu za reakcję chemiczną, bo „coś się zmienia”)","Przykład zjawiska fizycznego: topnienie lodu — woda w stanie stałym zmienia się w ciekłą, ale cały czas jest to ta sama substancja (H₂O); zmienia się tylko stan skupienia, a proces jest odwracalny (można ponownie zamrozić). Przykład reakcji chemicznej: rdzewienie żelaza — żelazo, reagując z tlenem i wilgocią z powietrza, tworzy tlenek żelaza (rdzę), czyli zupełnie nową substancję o innych właściwościach (kruchość, inny kolor), a procesu nie da się odwrócić prostym sposobem fizycznym. Uwaga na pułapkę: topnienie lodu NIE jest reakcją chemiczną, mimo że „coś się zmienia” (stan skupienia) — nie powstaje żadna nowa substancja, więc kryterium „coś się zmienia” jest zbyt ogólne; liczy się to, czy zmienia się skład chemiczny.",pułapka: topnienie lodu jako rzekoma reakcja chemiczna
41,CHEM-P3a-B02,chemia,3a,Reakcje chemiczne,Reakcje chemiczne,B,2,Spalanie papieru – klasyfikacja zjawiska,"Kartka papieru spłonęła, zamieniając się w popiół i dym. Zaklasyfikuj to zjawisko i uzasadnij. (pułapka: uznanie spalania za zjawisko fizyczne, bo „papier tylko zmienił kształt”)","To reakcja chemiczna (spalanie). Papier (celuloza) reaguje z tlenem z powietrza, a powstają nowe substancje — głównie dwutlenek węgla, para wodna i popiół (pozostałości nieorganiczne) — o zupełnie innych właściwościach niż wyjściowy papier, a procesowi towarzyszy silny efekt cieplny i świetlny (płomień). Pułapka: nie można uznać spalania za zjawisko fizyczne tylko dlatego, że „papier zmienił kształt” — kluczowe jest to, że zmienił się też skład chemiczny: powstały zupełnie nowe substancje (CO₂, popiół), których nie da się z powrotem złożyć w kartkę papieru, więc proces jest nieodwracalny i chemiczny.","pułapka: spalanie mylone ze zjawiskiem fizycznym (""tylko zmiana kształtu"")"
42,CHEM-P3a-B03,chemia,3a,Reakcje chemiczne,Reakcje chemiczne,B,3,Bilansowanie Fe + O2 → Fe2O3,Dobierz współczynniki: __Fe + __O₂ → __Fe₂O₃ i wskaż substraty oraz produkty. (pułapka: niedobranie tlenu — poprawnie 4Fe + 3O₂ → 2Fe₂O₃),"Poprawnie zbilansowane równanie to: 4Fe + 3O₂ → 2Fe₂O₃. Substraty: żelazo (Fe) i tlen (O₂). Produkt: tlenek żelaza(III) (Fe₂O₃). Uzasadnienie: po prawej stronie w 2Fe₂O₃ mamy 4 atomy Fe i 6 atomów O, więc po lewej też musi być 4 atomy Fe (stąd 4Fe) i 6 atomów O, czyli 3 cząsteczki O₂ (3×2=6, stąd 3O₂). Pułapka: częsty błąd to zatrzymanie się na niepełnym bilansie tlenu (np. 4Fe + 2O₂ → 2Fe₂O₃) — trzeba policzyć atomy tlenu po obu stronach do końca, a nie tylko dobrać żelazo.",pułapka: niedobranie współczynnika przy tlenie
43,CHEM-P3a-B04,chemia,3a,Reakcje chemiczne,Reakcje chemiczne,B,4,Reakcja egzo- i endotermiczna w kuchni,"Podaj przykład reakcji egzotermicznej i endotermicznej spotykanej w kuchni lub w naturze. (pułapka: pomylenie kierunku — uznanie topnienia lodu, zjawiska fizycznego, za reakcję endotermiczną)","Przykład reakcji egzotermicznej: spalanie gazu w kuchence gazowej — wydziela się ciepło i światło (płomień), energia jest oddawana do otoczenia. Przykład reakcji endotermicznej: fotosynteza — rośliny pochłaniają energię światła słonecznego, aby z CO₂ i wody wytworzyć glukozę i tlen; energia jest pobierana z otoczenia i „magazynowana” w wiązaniach chemicznych. Pułapka: topnienie lodu, mimo że pochłania ciepło z otoczenia, NIE jest reakcją endotermiczną — to zjawisko fizyczne (zmiana stanu skupienia bez powstania nowej substancji); podział na egzo- i endotermiczne dotyczy wyłącznie reakcji chemicznych, więc trzeba wybrać przykład, w którym rzeczywiście powstaje nowa substancja.",pułapka: topnienie lodu jako rzekoma reakcja endotermiczna
44,CHEM-P3a-B05,chemia,3a,Reakcje chemiczne,Reakcje chemiczne,B,5,Rola katalizatora w reakcji,"Jak katalizator wpływa na przebieg reakcji i czy sam ulega zużyciu? (pułapka: przekonanie, że katalizator jest zużywany jak substrat)","Katalizator przyspiesza przebieg reakcji chemicznej, obniżając tzw. energię aktywacji potrzebną do jej zajścia, dzięki czemu reakcja zachodzi szybciej (lub w ogóle zachodzi w danych warunkach). Katalizator sam nie ulega trwałemu zużyciu — bierze udział w reakcji (np. tworzy przejściowe związki pośrednie), ale na końcu odzyskuje swoją pierwotną postać i masę, więc po zakończeniu reakcji jest go tyle samo co na początku. Pułapka: nie należy mylić katalizatora z substratem — substrat jest zużywany i przekształcany w produkt, a katalizator jedynie „ułatwia drogę” reakcji, nie znikając z układu.","pułapka: katalizator mylony z substratem, który się zużywa"
45,CHEM-P3a-C01,chemia,3a,Reakcje chemiczne,Reakcje chemiczne,C,1,"Bilansowanie Al + O2 → Al2O3, prawo zachowania masy","Zanim dobierzesz współczynniki w __Al + __O₂ → __Al₂O₃, oszacuj „na oko”, dlaczego po obu stronach musi być tyle samo atomów glinu i tlenu (odwołaj się do prawa zachowania masy). Potem dobierz współczynniki.","Zanim dobierzemy współczynniki, warto przypomnieć sobie prawo zachowania masy: w reakcji chemicznej atomy nie znikają ani nie powstają, tylko przegrupowują się w nowe cząsteczki, więc liczba atomów każdego pierwiastka po stronie substratów i produktów musi być identyczna. „Na oko” widać, że wzór Al₂O₃ zawiera 2 atomy glinu i 3 atomy tlenu, więc po lewej stronie równania też musimy mieć wielokrotność 2 atomów Al i 3 atomów O — inaczej równanie „zgubiłoby” lub „dodało” atomy znikąd. Po dobraniu współczynników poprawne równanie to: 4Al + 3O₂ → 2Al₂O₃ (4 atomy Al po obu stronach; 6 atomów O po obu stronach: 3×2=6 po lewej, 2×3=6 po prawej). To pytanie sprawdza zarówno rozumienie prawa zachowania masy, jak i praktyczną umiejętność bilansowania równań.",
46,CHEM-P3a-C02,chemia,3a,Reakcje chemiczne,Reakcje chemiczne,C,2,Spalanie węgla – reakcja chemiczna i egzotermiczna,"Reakcja spalania węgla w tlenie jest jednocześnie reakcją chemiczną i egzotermiczną. Wytłumacz, dlaczego to dwie różne, niezależne cechy tej samej reakcji.","To, że reakcja jest „chemiczna”, opisuje jej naturę — oznacza, że substraty (węgiel i tlen) przekształcają się w nową substancję o innych właściwościach (dwutlenek węgla): C + O₂ → CO₂. To, że reakcja jest „egzotermiczna”, opisuje natomiast jej bilans energetyczny — mówi, że w trakcie tej przemiany wydziela się ciepło do otoczenia, a nie jest ono pochłaniane. Te dwie cechy są niezależne, bo każda reakcja chemiczna (bez wyjątku) jest albo egzo-, albo endotermiczna, ale to, do której grupy energetycznej należy, nie decyduje o tym, czy w ogóle jest reakcją chemiczną. Są to więc dwie odrębne klasyfikacje tej samej przemiany, odpowiadające na różne pytania: „co się zmienia (skład)?” i „co dzieje się z energią?”. To pytanie sprawdza rozumienie, że klasyfikacje reakcji (chemiczna/fizyczna oraz egzo-/endotermiczna) opisują różne aspekty tego samego zjawiska.",
47,CHEM-P3a-D01,chemia,3a,Reakcje chemiczne,Reakcje chemiczne,D,1,Błąd: bilansowanie Mg + O2 → MgO,"Kolega zapisał: Mg + O₂ → MgO i twierdzi, że to poprawnie zbilansowane. Sprawdź. (zawiera błąd: powinno być 2Mg + O₂ → 2MgO)","Kolega się myli — równanie Mg + O₂ → MgO NIE jest poprawnie zbilansowane. Po lewej stronie mamy 1 atom Mg i 2 atomy O, a po prawej tylko 1 atom Mg i 1 atom O — liczba atomów tlenu się nie zgadza. Poprawne równanie to: 2Mg + O₂ → 2MgO (2 atomy Mg i 2 atomy O po obu stronach). Żeby wytłumaczyć koledze błąd, warto policzyć razem z nim atomy każdego pierwiastka osobno po obu stronach strzałki — zobaczy wtedy, że tlenu po prawej jest za mało i że trzeba podwoić MgO, a potem, żeby zgadzało się Mg, podwoić też Mg po lewej.",zadanie zawiera błąd
48,CHEM-P3a-D02,chemia,3a,Reakcje chemiczne,Reakcje chemiczne,D,2,Błąd: rozpuszczanie cukru jako reakcja chemiczna,"Koleżanka mówi: „Rozpuszczanie cukru w herbacie to reakcja chemiczna, bo cukier znika, czyli powstaje nowa substancja”. Oceń. (zawiera błąd: to zjawisko fizyczne — cukier nadal jest cukrem, tylko rozproszonym w wodzie)","Koleżanka się myli — rozpuszczanie cukru w herbacie to zjawisko fizyczne, a nie reakcja chemiczna. Cukier „znika z widoku”, bo rozprasza się na poziomie cząsteczek w wodzie, ale nie zmienia swojego składu chemicznego — nadal jest sacharozą, co można udowodnić: gdyby odparować wodę z osłodzonej herbaty, cukier ponownie wytrąciłby się w niezmienionej postaci (proces jest odwracalny). Argument „substancja znika, więc powstaje nowa” jest błędny — kryterium reakcji chemicznej to powstanie substancji o innym składzie i właściwościach, a nie sama „niewidoczność” substancji.",zadanie zawiera błąd
49,CHEM-P3b-A01,chemia,3b,"Tlen, wodór i ich związki chemiczne. Powietrze","Tlen, wodór i ich związki chemiczne. Powietrze",A,1,Powietrze jako mieszanina gazów,"Dlaczego mówimy, że powietrze to mieszanina, a nie związek chemiczny czy pojedynczy pierwiastek?","Powietrze to mieszanina, bo składa się z kilku różnych, niezwiązanych ze sobą chemicznie substancji (głównie azotu, tlenu, argonu, dwutlenku węgla i pary wodnej), które zachowują swoje indywidualne właściwości i można je rozdzielić metodami fizycznymi (np. skraplanie i destylacja frakcyjna). Gdyby powietrze było związkiem chemicznym, jego składniki łączyłyby się ze sobą w stałym stosunku masowym, tworząc jedną, jednorodną substancję o nowych właściwościach — a tak nie jest: proporcje gazów w powietrzu mogą się nieznacznie różnić (np. wilgotność, zanieczyszczenia), co jest typowe dla mieszanin, a nie dla związków.",
50,CHEM-P3b-A02,chemia,3b,"Tlen, wodór i ich związki chemiczne. Powietrze","Tlen, wodór i ich związki chemiczne. Powietrze",A,2,"Dziura ozonowa a tlen, którym oddychamy","Jaki jest związek między „dziurą ozonową” a zwykłym tlenem, którym oddychamy — czy to ten sam gaz?","To nie jest ten sam gaz, choć oba zbudowane są z atomów tlenu. Tlen, którym oddychamy, to cząsteczka dwuatomowa O₂. Ozon, którego ubytek tworzy „dziurę ozonową” w stratosferze, to odmiana alotropowa tlenu o cząsteczce trójatomowej O₃ — ma inne właściwości chemiczne i fizyczne (jest m.in. bardziej reaktywny i toksyczny w wyższych stężeniach), a jego rola w atmosferze (pochłanianie promieniowania UV) jest zupełnie inna niż rola tlenu O₂ w oddychaniu.",
51,CHEM-P3b-B01,chemia,3b,"Tlen, wodór i ich związki chemiczne. Powietrze","Tlen, wodór i ich związki chemiczne. Powietrze",B,1,"Otrzymywanie tlenu, reakcja z magnezem","Opisz jeden sposób otrzymywania tlenu w laboratorium i zapisz równanie reakcji tlenu z magnezem. (pułapka: błędny produkt — powinno być MgO, nie Mg₂O)","Tlen w laboratorium można otrzymać np. przez rozkład nadtlenku wodoru (wody utlenionej) w obecności katalizatora (np. MnO₂): 2H₂O₂ → 2H₂O + O₂, albo przez ogrzewanie nadmanganianu potasu. Równanie reakcji tlenu z magnezem: 2Mg + O₂ → 2MgO. Pułapka: częsty błąd to zapisanie produktu jako Mg₂O — magnez jest pierwiastkiem dwuwartościowym (Mg²⁺), a tlen ma wartościowość II (O²⁻), więc w związku łączą się w stosunku 1:1, dając wzór MgO, a nie Mg₂O; dopiero przy bilansowaniu równania pojawiają się współczynniki 2 przed Mg i przed MgO.",pułapka: błędny wzór produktu (Mg₂O zamiast MgO)
52,CHEM-P3b-B02,chemia,3b,"Tlen, wodór i ich związki chemiczne. Powietrze","Tlen, wodór i ich związki chemiczne. Powietrze",B,2,Zastosowania CaO i CO – który trujący,"Podaj po jednym zastosowaniu tlenku wapnia i tlenku węgla(II), zaznaczając, który jest trujący. (pułapka: mylenie tlenku węgla(II) [CO, trujący] z tlenkiem węgla(IV) [CO₂])","Tlenek wapnia (CaO, wapno palone) stosuje się m.in. w budownictwie do produkcji zaprawy murarskiej i wapna gaszonego oraz w rolnictwie do odkwaszania gleby. Tlenek węgla(II) (CO, czad) znajduje zastosowanie np. w hutnictwie jako reduktor tlenków metali, ale jest silnie trujący, ponieważ blokuje transport tlenu we krwi (łączy się z hemoglobiną silniej niż tlen). Trujący jest więc CO (tlenek węgla(II)), a nie CaO. Pułapka: nie wolno mylić tlenku węgla(II) (CO) z tlenkiem węgla(IV) (CO₂) — to CO jest tym niebezpiecznym „czadem”, podczas gdy CO₂ w normalnych stężeniach nie jest trujący w ten sam sposób (choć w bardzo dużych stężeniach może powodować duszenie się przez brak tlenu).",pułapka: CO mylone z CO₂
53,CHEM-P3b-B03,chemia,3b,"Tlen, wodór i ich związki chemiczne. Powietrze","Tlen, wodór i ich związki chemiczne. Powietrze",B,3,CO2 – fotosynteza i problem klimatyczny,"Wytłumacz, dlaczego CO₂ jest jednocześnie niezbędny do życia roślin i problemem klimatycznym w nadmiarze. Zapisz równanie spalania węgla w tlenie. (pułapka: mylenie roli CO₂ w fotosyntezie z tym, że jest „trujący”)","CO₂ jest niezbędny do życia roślin, ponieważ jest substratem fotosyntezy — rośliny wykorzystują go (wraz z wodą i energią światła) do produkcji glukozy i tlenu. Jednocześnie nadmiar CO₂ w atmosferze, pochodzący głównie ze spalania paliw kopalnych, jest problemem klimatycznym, bo CO₂ jest gazem cieplarnianym — zatrzymuje ciepło w atmosferze i przyczynia się do globalnego ocieplenia. Równanie spalania węgla w tlenie: C + O₂ → CO₂. Pułapka: nie należy mylić dwóch różnych ról tego samego związku — to, że CO₂ jest potrzebny roślinom, nie oznacza, że jest „nietrujący” w każdym kontekście, a problem klimatyczny nie oznacza, że CO₂ jest toksyczny dla organizmów w typowych stężeniach — to dwie osobne kwestie: biologiczna (fotosynteza) i klimatyczna (efekt cieplarniany).",pułapka: rola biologiczna CO₂ mylona z jego toksycznością
54,CHEM-P3b-B04,chemia,3b,"Tlen, wodór i ich związki chemiczne. Powietrze","Tlen, wodór i ich związki chemiczne. Powietrze",B,4,"Otrzymywanie wodoru, reakcja z chlorem",Opisz sposób otrzymania wodoru w laboratorium i zapisz równanie reakcji wodoru z chlorem. (pułapka: błędne współczynniki — H₂ + Cl₂ → 2HCl),"Wodór w laboratorium można otrzymać np. przez reakcję cynku (lub innego aktywnego metalu) z rozcieńczonym kwasem solnym: Zn + 2HCl → ZnCl₂ + H₂. Równanie reakcji wodoru z chlorem: H₂ + Cl₂ → 2HCl. Pułapka: łatwo o błąd we współczynnikach, np. zapisanie H₂ + Cl₂ → HCl (bez „2”) — trzeba sprawdzić bilans atomów: po lewej stronie mamy po 2 atomy wodoru i 2 atomy chloru, więc po prawej też musi być 2 atomy H i 2 atomy Cl, co daje 2 cząsteczki HCl, a nie jedną.",pułapka: brak współczynnika 2 przed HCl
55,CHEM-P3b-B05,chemia,3b,"Tlen, wodór i ich związki chemiczne. Powietrze","Tlen, wodór i ich związki chemiczne. Powietrze",B,5,"Dowód, że powietrze to mieszanina","Jak można doświadczalnie udowodnić, że powietrze jest mieszaniną, a nie jednym gazem? (pułapka: pomylenie dowodu na mieszaninę z dowodem na obecność samego tlenu)","Doświadczalnym dowodem na to, że powietrze jest mieszaniną, jest możliwość rozdzielenia go na składniki metodami fizycznymi, np. przez skroplenie powietrza w niskiej temperaturze i destylację frakcyjną — poszczególne gazy (azot, tlen, argon) skraplają się i wrzą w różnych temperaturach, więc można je od siebie oddzielić bez reakcji chemicznej, co jest niemożliwe dla czystego, pojedynczego związku czy pierwiastka. Pułapka: nie należy mylić tego z prostym doświadczeniem wykazującym jedynie obecność tlenu w powietrzu (np. spalanie świecy pod kloszem, po czym płomień gaśnie, a poziom wody się podnosi) — to dowodzi tylko, że w powietrzu JEST tlen i że się zużywa w spalaniu, a nie że powietrze jest mieszaniną wielu gazów; do udowodnienia mieszaniny trzeba pokazać rozdzielenie na kilka różnych składników.",pułapka: dowód obecności tlenu mylony z dowodem na mieszaninę
56,CHEM-P3b-B06,chemia,3b,"Tlen, wodór i ich związki chemiczne. Powietrze","Tlen, wodór i ich związki chemiczne. Powietrze",B,6,Gazy szlachetne – nazwa i zastosowanie,Dlaczego gazy szlachetne nazywa się „szlachetnymi”? Podaj jedno zastosowanie. (pułapka: mylenie „szlachetności” z rzadkością występowania zamiast z małą reaktywnością),"Gazy szlachetne (hel, neon, argon, krypton, ksenon, radon) nazywa się „szlachetnymi”, ponieważ mają w pełni zapełnioną powłokę walencyjną elektronów, przez co są chemicznie bardzo mało reaktywne — praktycznie nie tworzą związków chemicznych w normalnych warunkach. Przykładowe zastosowanie: hel wykorzystuje się do napełniania balonów i sterowców (jest lekki i niepalny, w przeciwieństwie do wodoru), a argon stosuje się np. do wypełniania żarówek czy jako gaz ochronny przy spawaniu. Pułapka: „szlachetność” nie oznacza rzadkości występowania w przyrodzie (argon stanowi ok. 1% powietrza i wcale nie jest rzadki) — chodzi wyłącznie o małą reaktywność chemiczną, czyli niechęć do tworzenia związków z innymi pierwiastkami.",pułapka: szlachetność mylona z rzadkością występowania
57,CHEM-P3b-B07,chemia,3b,"Tlen, wodór i ich związki chemiczne. Powietrze","Tlen, wodór i ich związki chemiczne. Powietrze",B,7,Źródła zanieczyszczeń powietrza,Wymień dwa źródła zanieczyszczeń powietrza i po jednym sposobie ograniczenia każdego z nich. (pułapka: pominięcie źródeł przemysłowych/transportowych),"Przykład pierwszy: spaliny z transportu samochodowego (silniki spalinowe emitują m.in. tlenki azotu, tlenek węgla(II) i pyły) — można je ograniczyć poprzez rozwój transportu publicznego oraz pojazdów elektrycznych. Przykład drugi: spalanie węgla i innych paliw kopalnych w elektrowniach i domowych piecach (tzw. niska emisja) — można to ograniczyć przez wymianę starych pieców na nowoczesne źródła ciepła (np. pompy ciepła) oraz zwiększenie udziału odnawialnych źródeł energii. Pułapka: nie wystarczy wymienić tylko jednego, „oczywistego” źródła (np. samych fabryk) — warto pamiętać, że istotnym źródłem zanieczyszczeń jest też transport indywidualny oraz domowe ogrzewanie, a nie wyłącznie duży przemysł.",pułapka: pominięcie transportu lub niskiej emisji jako źródła zanieczyszczeń
58,CHEM-P3b-C01,chemia,3b,"Tlen, wodór i ich związki chemiczne. Powietrze","Tlen, wodór i ich związki chemiczne. Powietrze",C,1,Spalanie węgla – duży vs mały dostęp tlenu,"Zanim zapiszesz równania, oszacuj „na oko”: przy spalaniu węgla w dużym czy w małym dostępie tlenu powstanie więcej trującego tlenku węgla(II)? Zapisz oba równania i sprawdź przewidywanie.","Można przewidzieć „na oko”, że przy MAŁYM dostępie tlenu powstanie więcej trującego tlenku węgla(II) (CO), bo gdy tlenu jest za mało, żeby cały węgiel utlenić do CO₂, część węgla utlenia się tylko częściowo, do CO. Równania: przy dużym dostępie tlenu — spalanie całkowite: C + O₂ → CO₂; przy małym dostępie tlenu — spalanie niecałkowite: 2C + O₂ → 2CO. Sprawdzenie przewidywania: rzeczywiście drugie równanie (mniej tlenu przypadające na atom węgla) prowadzi do powstania CO zamiast CO₂, co potwierdza wstępne oszacowanie — dlatego np. w źle wentylowanych piecach czy przy niedrożnym kominie występuje ryzyko zaczadzenia. Pytanie sprawdza umiejętność łączenia intuicji chemicznej z zapisem i bilansowaniem równań.",
59,CHEM-P3b-C02,chemia,3b,"Tlen, wodór i ich związki chemiczne. Powietrze","Tlen, wodór i ich związki chemiczne. Powietrze",C,2,Reakcja wodoru z tlenem – woda i wybuchowość,"Napisz, co powstaje w reakcji wodoru z tlenem, i wytłumacz, dlaczego ta reakcja jest jednocześnie ważna dla życia (powstaje woda) i niebezpieczna (mieszanina wybuchowa).","W reakcji wodoru z tlenem powstaje woda: 2H₂ + O₂ → 2H₂O. Reakcja ta jest ważna dla życia, bo woda jest niezbędna dla wszystkich organizmów żywych, a sama reakcja jest też podstawą działania np. wodorowych ogniw paliwowych, które w czysty sposób wytwarzają energię. Jednocześnie jest niebezpieczna, ponieważ mieszanina wodoru z tlenem (lub powietrzem) w odpowiednich proporcjach jest wybuchowa — reakcja zachodzi gwałtownie po zainicjowaniu (np. iskrą), z dużym wydzieleniem energii w krótkim czasie, dlatego wodór trzeba przechowywać i transportować z zachowaniem szczególnych środków ostrożności. Pytanie sprawdza umiejętność łączenia zapisu równania z rozumieniem dwóch pozornie sprzecznych cech tej samej reakcji.",
60,CHEM-P3b-C03,chemia,3b,"Tlen, wodór i ich związki chemiczne. Powietrze","Tlen, wodór i ich związki chemiczne. Powietrze",C,3,"Spalanie paliw, CO2 a klimat","Wyjaśnij związek między spalaniem paliw kopalnych, emisją CO₂ i skutkami dla klimatu.","Spalanie paliw kopalnych (węgla, ropy naftowej, gazu ziemnego) to reakcje chemiczne, w których węgiel zawarty w tych paliwach łączy się z tlenem z powietrza, tworząc dwutlenek węgla (np. C + O₂ → CO₂) i wydzielając energię (reakcje egzotermiczne). Ponieważ ludzkość spala paliwa kopalne na ogromną skalę, do atmosfery trafia znacznie więcej CO₂, niż naturalne procesy (fotosynteza, pochłanianie przez oceany) są w stanie usunąć, więc jego stężenie w atmosferze systematycznie rośnie. CO₂ jest gazem cieplarnianym — zatrzymuje część promieniowania cieplnego odbitego od Ziemi, co wzmacnia efekt cieplarniany i prowadzi do globalnego ocieplenia, a w konsekwencji do zmian klimatu (topnienie lodowców, ekstremalne zjawiska pogodowe itd.). Pytanie sprawdza umiejętność połączenia wiedzy chemicznej (równanie spalania) z jej skutkami środowiskowymi.",
61,CHEM-P3b-D01,chemia,3b,"Tlen, wodór i ich związki chemiczne. Powietrze","Tlen, wodór i ich związki chemiczne. Powietrze",D,1,Błąd: CO2 jako przyczyna zaczadzenia,"Kolega mówi: „Tlenek węgla(IV), czyli CO₂, jest trujący, dlatego boimy się zaczadzenia”. Oceń. (zawiera błąd: zaczadzenie powoduje CO, tlenek węgla(II), nie CO₂)","Kolega się myli. Zaczadzenie powoduje tlenek węgla(II), czyli CO, a nie tlenek węgla(IV), czyli CO₂. CO jest niebezpieczny, bo silnie i trwale łączy się z hemoglobiną we krwi, blokując transport tlenu do komórek organizmu — stąd nazwa „czad” i realne zagrożenie życia przy nieszczelnych piecach czy kominkach. CO₂ w typowych stężeniach nie jest trujący w ten sam sposób (choć w bardzo dużych stężeniach może powodować duszenie się z braku tlenu — to inny mechanizm). Żeby wytłumaczyć koledze różnicę, warto podkreślić, że liczba w nazwie (II czy IV) to wartościowość węgla w danym tlenku, i że to właśnie CO, a nie CO₂, jest gazem odpowiedzialnym za zaczadzenia.",zadanie zawiera błąd
62,CHEM-P3b-D02,chemia,3b,"Tlen, wodór i ich związki chemiczne. Powietrze","Tlen, wodór i ich związki chemiczne. Powietrze",D,2,Błąd: tlen jako główny składnik powietrza,"Koleżanka twierdzi: „Powietrze to głównie tlen, bo to nim oddychamy, więc musi go być najwięcej”. Oceń. (zawiera błąd: azotu jest znacznie więcej — ok. 78% N₂ vs ok. 21% O₂)","Koleżanka się myli. W powietrzu jest znacznie więcej azotu (N₂) niż tlenu (O₂) — azot stanowi ok. 78% objętości powietrza, a tlen tylko ok. 21%. To, że oddychamy tlenem i jest on nam niezbędny do życia, nie oznacza, że jest go najwięcej — azot jest gazem chemicznie obojętnym w normalnych warunkach i nie bierze udziału w oddychaniu, ale mimo to stanowi zdecydowaną większość składu powietrza. Żeby to wytłumaczyć koleżance, warto podać dokładne proporcje procentowe i podkreślić, że „ważność biologiczna” gazu nie jest tym samym co jego „ilość” w mieszaninie.",zadanie zawiera błąd
63,CHEM-P4-A01,chemia,4,Woda i roztwory wodne,Woda i roztwory wodne,A,1,Budowa cząsteczki wody a rozpuszczalność,"Dlaczego niektóre substancje rozpuszczają się w wodzie, a inne nie — co to ma wspólnego z budową cząsteczki wody?","Cząsteczka wody jest polarna (dipol) — atom tlenu przyciąga elektrony mocniej niż wodór, więc przy tlenie gromadzi się cząstkowy ładunek ujemny, a przy atomach wodoru dodatni. Dzięki temu woda dobrze rozpuszcza substancje polarne i jonowe, np. sole — cząsteczki wody otaczają jony dodatnie i ujemne i wyciągają je z sieci krystalicznej (hydratacja). Substancje niepolarne, np. oleje i tłuszcze, nie mają takich ładunków cząstkowych, więc nie oddziałują elektrostatycznie z wodą i się w niej nie rozpuszczają — stąd zasada „podobne rozpuszcza się w podobnym”.",
64,CHEM-P4-A02,chemia,4,Woda i roztwory wodne,Woda i roztwory wodne,A,2,Roztwór nasycony a nienasycony,"Czym różni się roztwór nasycony od nienasyconego — wytłumacz na przykładzie, bez liczenia.","Roztwór nienasycony to taki, w którym woda wciąż może rozpuścić więcej substancji — np. wsypując cukier do wody i mieszając, cały cukier znika, a możemy dosypać kolejne porcje i nadal będą się rozpuszczać. Roztwór nasycony powstaje, gdy woda w danej temperaturze osiągnie granicę rozpuszczalności — dosypany wtedy cukier przestaje się rozpuszczać i opada na dno jako osad, mimo mieszania.",
65,CHEM-P4-B01,chemia,4,Woda i roztwory wodne,Woda i roztwory wodne,B,1,Wzór wody – rozpuszczanie soli i oleju,"Zapisz wzór sumaryczny wody i wytłumacz, dlaczego woda jest dobrym rozpuszczalnikiem dla soli, a słabym dla oleju.","Wzór sumaryczny wody: H2O. Cząsteczka wody jest polarna — atom tlenu ma większą elektroujemność niż wodór, więc ma cząstkowy ładunek ujemny, a atomy wodoru dodatni. Sól kuchenna (NaCl) zbudowana jest z jonów Na+ i Cl-; cząsteczki wody ustawiają się wokół tych jonów (ujemnym biegunem przy Na+, dodatnim przy Cl-) i wyrywają je z sieci krystalicznej — to zjawisko hydratacji jonów, dzięki któremu sól się rozpuszcza. Olej zbudowany jest z cząsteczek niepolarnych, bez ładunków cząstkowych, więc woda nie ma z czym oddziaływać elektrostatycznie — cząsteczki oleju trzymają się wzajemnie, a nie wody, dlatego olej i woda się nie mieszają.","pułapka: odpowiedź musi odwoływać się do polarności cząsteczki wody i (nie)polarności substancji, samo „bo tak jest” to za mało"
66,CHEM-P4-B02,chemia,4,Woda i roztwory wodne,Woda i roztwory wodne,B,2,"Roztwór właściwy, koloid, zawiesina – przykłady","Podaj przykład substancji tworzącej z wodą: roztwór właściwy, koloid i zawiesinę.","Roztwór właściwy: woda z solą kuchenną — cząsteczki/jony są niewidoczne gołym okiem, ciecz jest przezroczysta i nic nie opada na dno. Koloid: mleko lub żelatyna rozpuszczona w wodzie — cząstki są większe niż w roztworze właściwym, ciecz jest mętna lub opalizująca, ale mimo to nie sedymentuje (nie rozdziela się z czasem). Zawiesina: woda z piaskiem lub mąką — cząstki są duże i po odstawieniu naczynia z czasem opadają na dno, tworząc osad.","pułapka: koloid i zawiesina — kluczowa różnica to sedymentacja: zawiesina z czasem się rozdziela, koloid pozostaje jednorodny"
67,CHEM-P4-B03,chemia,4,Woda i roztwory wodne,Woda i roztwory wodne,B,3,Czynniki przyspieszające rozpuszczanie,Wymień dwa czynniki przyspieszające rozpuszczanie substancji stałej w wodzie.,"Dwa czynniki przyspieszające rozpuszczanie to: 1) podwyższenie temperatury wody — dla większości ciał stałych rozpuszczalność rośnie wraz z temperaturą, bo cząsteczki mają więcej energii i szybciej się rozchodzą; 2) mieszanie roztworu oraz rozdrobnienie substancji stałej — im większa powierzchnia kontaktu substancji z wodą i im lepiej rozprowadzone są rozpuszczone cząsteczki, tym szybszy proces.","pułapka: trzeba podać dwa różne czynniki, nie rozwijać obszernie tylko temperatury z pominięciem mieszania/rozdrobnienia"
68,CHEM-P4-B04,chemia,4,Woda i roztwory wodne,Woda i roztwory wodne,B,4,Nasycony vs nienasycony – przykład z cukrem,Wytłumacz różnicę między roztworem nasyconym a nienasyconym na przykładzie cukru w szklance wody.,"Roztwór nienasycony cukru w wodzie to taki, w którym cały wsypany cukier się rozpuszcza podczas mieszania — możemy dosypywać kolejne porcje i wciąż będą znikać. Roztwór nasycony powstaje, gdy przy danej temperaturze i ilości wody osiągnięta zostaje granica rozpuszczalności cukru — dosypany wtedy cukier przestaje się rozpuszczać i opada na dno jako widoczny osad, mimo mieszania.","pułapka: „nasycony” nie znaczy „stężony” — roztwór rozcieńczony też może być nasycony, jeśli substancja ma niską rozpuszczalność, a stężony roztwór nie musi być nasycony"
69,CHEM-P4-B05,chemia,4,Woda i roztwory wodne,Woda i roztwory wodne,B,5,Obliczenia rozpuszczalności – proporcja soli,"Z wykresu odczytujesz, że w 100 g wody w 20°C rozpuszcza się 36 g soli. Ile soli rozpuścisz w 250 g wody w tej temperaturze?","250 g wody to 2,5 raza więcej niż 100 g wody (250/100 = 2,5), więc masę rozpuszczalnej soli mnożymy przez ten sam współczynnik: 36 g × 2,5 = 90 g. Odpowiedź: 90 g soli.","pułapka: trzeba obliczyć współczynnik proporcjonalności (250/100) i przez niego pomnożyć 36 g, a nie np. dodać stałą wartość albo dzielić zamiast mnożyć"
70,CHEM-P4-B06,chemia,4,Woda i roztwory wodne,Woda i roztwory wodne,B,6,Obliczanie stężenia procentowego roztworu,Roztwór ma masę 200 g i zawiera 30 g substancji rozpuszczonej. Oblicz stężenie procentowe.,Stężenie procentowe = (masa substancji rozpuszczonej / masa całego roztworu) × 100% = (30 g / 200 g) × 100% = 15%. Odpowiedź: 15%.,"pułapka: w mianowniku musi być masa całego roztworu (200 g), a nie masa samej wody (rozpuszczalnika, czyli 170 g) — dzielenie przez masę wody dałoby błędny wynik"
71,CHEM-P4-C01,chemia,4,Woda i roztwory wodne,Woda i roztwory wodne,C,1,Szacowanie i obliczanie stężenia procentowego,"Zanim policzysz dokładnie — oszacuj „na oko”, czy roztwór 20 g soli w 180 g wody ma stężenie bliżej 10% czy bliżej 50%. Oblicz dokładnie i porównaj z szacunkiem.","Szacunek: masa całego roztworu to 20 g + 180 g = 200 g, a 20 g z 200 g to jedna dziesiąta całości, czyli w przybliżeniu 10% — zdecydowanie bliżej 10% niż 50%. Obliczenie dokładne: (20 g / 200 g) × 100% = 10%. Szacunek pokrywa się z wynikiem dokładnym, co pokazuje, że warto najpierw oszacować rząd wielkości — pozwala to od razu wychwycić rachunkowy błąd, gdyby wyszedł np. wynik 50%."
72,CHEM-P4-C02,chemia,4,Woda i roztwory wodne,Woda i roztwory wodne,C,2,Chłodzenie roztworu nasyconego – co się dzieje,"Rozpuszczalność substancji X rośnie wraz z temperaturą. Co stanie się z roztworem nasyconym w 60°C, gdy go ochłodzisz do 20°C?","Skoro rozpuszczalność substancji X rośnie z temperaturą, to w 60°C w danej ilości wody mieści się więcej substancji niż w 20°C. Roztwór nasycony w 60°C zawiera maksymalną ilość substancji możliwą do rozpuszczenia w tej temperaturze. Po ochłodzeniu do 20°C rozpuszczalność maleje, więc woda nie jest już w stanie „utrzymać” tyle rozpuszczonej substancji — nadmiar wytrąca się w postaci osadu (kryształów) na dnie naczynia, a pozostały roztwór jest nasycony, ale już dla nowej, niższej temperatury."
73,CHEM-P4-C03,chemia,4,Woda i roztwory wodne,Woda i roztwory wodne,C,3,Stężenie procentowe a ilość substancji – przykład liczbowy,"Wytłumacz, dlaczego roztwór o niższym stężeniu procentowym może zawierać więcej substancji rozpuszczonej niż roztwór o wyższym stężeniu, jeśli mają różne masy całkowite — podaj przykład liczbowy.","Stężenie procentowe to udział masy substancji w masie CAŁEGO roztworu, a nie bezwzględna ilość substancji — dlatego duży roztwór o niskim stężeniu może zawierać więcej substancji niż mały roztwór o wysokim stężeniu. Przykład: roztwór 1 ma 50 g soli w 950 g wody, czyli masa całkowita 1000 g — stężenie to (50/1000)×100% = 5%. Roztwór 2 ma 20 g soli w 80 g wody, czyli masa całkowita 100 g — stężenie to (20/100)×100% = 20%. Roztwór 1 ma niższe stężenie (5% < 20%), ale zawiera więcej soli w gramach (50 g > 20 g), bo jego masa całkowita jest dziesięciokrotnie większa."
74,CHEM-P4-D01,chemia,4,Woda i roztwory wodne,Woda i roztwory wodne,D,1,Błąd: obliczanie stężenia (50g/50g=100%),"Kolega liczy: „Roztwór ma 50 g wody i 50 g cukru, więc stężenie procentowe to 50/50 = 100%”. Oceń.","Kolega popełnił błąd. Podzielił masę cukru przez masę samej wody (50 g), a powinien podzielić przez masę CAŁEGO roztworu, czyli sumę masy cukru i wody: 50 g + 50 g = 100 g. Poprawne obliczenie: (50 g / 100 g) × 100% = 50%. Aby wytłumaczyć to koledze, warto podkreślić, że mianownikiem we wzorze na stężenie procentowe zawsze jest masa całego roztworu (substancja rozpuszczona + rozpuszczalnik), nigdy sama masa rozpuszczalnika.",zadanie zawiera błąd
75,CHEM-P4-D02,chemia,4,Woda i roztwory wodne,Woda i roztwory wodne,D,2,Błąd: nasycony = zawsze wysokie stężenie,"Koleżanka mówi: „Roztwór nasycony to taki, w którym jest bardzo dużo rozpuszczonej substancji, więc zawsze ma wysokie stężenie procentowe”. Oceń.","Koleżanka popełniła błąd. To, czy roztwór jest nasycony, zależy od rozpuszczalności danej substancji w danej temperaturze (czyli od maksymalnej ilości, jaką w tych warunkach można rozpuścić w określonej ilości wody), a nie od bezwzględnej ilości substancji ani od wysokiego stężenia procentowego. Substancja o niskiej rozpuszczalności może dać roztwór nasycony już przy niewielkim, niskoprocentowym stężeniu, natomiast substancja bardzo dobrze rozpuszczalna może wciąż tworzyć roztwór nienasycony mimo wysokiego stężenia procentowego.",zadanie zawiera błąd
76,CHEM-P5a-A01,chemia,5a,Wodorotlenki i kwasy,Wodorotlenki i kwasy,A,1,Dysocjacja elektrolityczna – co się dzieje w wodzie,"Wytłumacz, na czym polega dysocjacja elektrolityczna — co dokładnie dzieje się z substancją, gdy trafia do wody?","Dysocjacja elektrolityczna to rozpad związku chemicznego na jony (kationy i aniony) pod wpływem wody. Cząsteczki wody są polarne, więc otaczają jony budujące kryształ (lub silnie polarne cząsteczki) i osłabiają siły je wiążące — jony zostają „oderwane” od siebie i otoczone cząsteczkami wody (uwodnione, zhydratyzowane), po czym poruszają się swobodnie w roztworze. Dzięki obecności swobodnych jonów taki roztwór przewodzi prąd elektryczny, czego nie robi ani czysta woda, ani stały elektrolit przed rozpuszczeniem."
77,CHEM-P5a-A02,chemia,5a,Wodorotlenki i kwasy,Wodorotlenki i kwasy,A,2,Co mierzy skala pH,"Co dokładnie mierzy skala pH i skąd „wie”, że coś jest kwasem?","Skala pH mierzy stężenie (a właściwie aktywność) jonów wodorowych H+ w roztworze wodnym. Jest to skala logarytmiczna od 0 do 14: im więcej jonów H+ w roztworze, tym niższe pH i tym silniej kwasowy odczyn; im mniej jonów H+ (czyli relatywnie więcej jonów OH-), tym wyższe pH i odczyn bardziej zasadowy. pH = 7 oznacza odczyn obojętny, gdy stężenia H+ i OH- są sobie równe (jak w czystej wodzie). To właśnie nadmiar jonów H+ nad OH- sprawia, że roztwór „jest kwasem”."
78,CHEM-P5a-B01,chemia,5a,Wodorotlenki i kwasy,Wodorotlenki i kwasy,B,1,Wzory NaOH i H2SO4,"Zapisz wzór sumaryczny wodorotlenku sodu i kwasu siarkowego(VI), podając ich nazwy.","Wodorotlenek sodu: NaOH. Kwas siarkowy(VI): H2SO4. Liczba rzymska (VI) w nazwie oznacza stopień utlenienia siarki i jednocześnie odróżnia ten kwas od kwasu siarkowego(IV) — H2SO3, w którym siarka ma niższy stopień utlenienia i cząsteczka zawiera o jeden atom tlenu mniej. Nie wolno więc pisać H2SO4, myśląc o kwasie siarkowym(IV), ani odwrotnie — to dwa różne związki o różnych właściwościach.",pułapka: mylenie H2SO4 z H2SO3
79,CHEM-P5a-B02,chemia,5a,Wodorotlenki i kwasy,Wodorotlenki i kwasy,B,2,Otrzymywanie trudno rozpuszczalnego Cu(OH)2,"Opisz, jak otrzymać wodorotlenek trudno rozpuszczalny w wodzie, np. Cu(OH)₂, i zapisz równanie.","Wodorotlenków trudno rozpuszczalnych nie da się otrzymać przez rozpuszczenie odpowiadającego im tlenku w wodzie (np. CuO nie reaguje z wodą, bo tlenki metali ciężkich są w większości nierozpuszczalne i nie tworzą wodorotlenków bezpośrednio). Otrzymuje się je metodą strąceniową: do roztworu rozpuszczalnej soli danego metalu dodaje się roztwór rozpuszczalnej zasady (np. NaOH lub KOH) — wytrąca się wtedy osad trudno rozpuszczalnego wodorotlenku. Przykład: CuSO4 + 2NaOH → Cu(OH)2↓ + Na2SO4. Niebieski osad Cu(OH)2 wypada z roztworu, a w roztworze pozostaje rozpuszczalny siarczan(VI) sodu.",pułapka: próba rozpuszczenia tlenku metalu w wodzie zamiast reakcji strąceniowej
80,CHEM-P5a-B03,chemia,5a,Wodorotlenki i kwasy,Wodorotlenki i kwasy,B,3,Zastosowania NaOH i HCl,Podaj po jednym zastosowaniu NaOH i HCl.,"NaOH (wodorotlenek sodu, soda kaustyczna) jest wykorzystywany m.in. do produkcji mydła (zmydlanie tłuszczów). HCl (kwas solny) jest wykorzystywany m.in. w żołądku człowieka jako naturalny składnik soku żołądkowego, biorący udział w trawieniu pokarmu i niszczeniu bakterii — poza organizmem stosuje się go też np. do usuwania rdzy z metali. Ważne, by nie zamienić tych zastosowań miejscami — to różne substancje o przeciwnym odczynie.",pułapka: pomylenie zastosowań NaOH i HCl
81,CHEM-P5a-B04,chemia,5a,Wodorotlenki i kwasy,Wodorotlenki i kwasy,B,4,Dysocjacja stopniowa H2S,Zapisz równanie dysocjacji elektrolitycznej kwasu siarkowodorowego H₂S w formie stopniowej.,"H2S dysocjuje stopniowo, w dwóch etapach, ponieważ jest kwasem dwuprotonowym i słabym: Etap 1: H2S ⇌ H+ + HS-. Etap 2: HS- ⇌ H+ + S2-. Nie wolno zapisywać tego jednym krokiem jako H2S → 2H+ + S2-, bo to sugerowałoby, że oba protony odrywają się jednocześnie, a w rzeczywistości najpierw powstaje jon wodorosiarczkowy HS-, który dopiero w drugim etapie (w znacznie mniejszym stopniu) oddaje kolejny proton.",pułapka: zapisanie dysocjacji jednym krokiem zamiast dwóch etapów
82,CHEM-P5a-B05,chemia,5a,Wodorotlenki i kwasy,Wodorotlenki i kwasy,B,5,Barwa fenoloftaleiny i oranżu metylowego,"Jaki kolor przybiera fenoloftaleina w roztworze zasadowym, a jaki oranż metylowy w roztworze kwasowym?","Fenoloftaleina w roztworze zasadowym barwi się na malinowy/różowy (w roztworze kwasowym i obojętnym pozostaje bezbarwna). Oranż metylowy w roztworze kwasowym barwi się na czerwony (w roztworze zasadowym jest żółty, w obojętnym pomarańczowy). Trzeba pamiętać, że to dwa różne wskaźniki i nie wolno mylić ich barw — fenoloftaleina „reaguje” wyraźnie tylko na zasady, a oranż metylowy zmienia kolor zarówno przy kwasach, jak i zasadach.",pułapka: pomylenie barw wskaźników
83,CHEM-P5a-B06,chemia,5a,Wodorotlenki i kwasy,Wodorotlenki i kwasy,B,6,Odczyn przy pH=3 i pH=9,Roztwór ma pH = 3. Jaki to odczyn? A roztwór o pH = 9?,"pH = 3 to odczyn kwasowy (wartości poniżej 7 oznaczają odczyn kwasowy, im bliżej 0, tym kwas mocniejszy). pH = 9 to odczyn zasadowy (wartości powyżej 7 oznaczają odczyn zasadowy, im bliżej 14, tym zasada mocniejsza). Kierunek skali jest więc jednoznaczny: niższe pH = więcej H+ = bardziej kwasowo, wyższe pH = mniej H+ (więcej OH-) = bardziej zasadowo.",pułapka: mylenie kierunku skali pH
84,CHEM-P5a-B07,chemia,5a,Wodorotlenki i kwasy,Wodorotlenki i kwasy,B,7,Sok cytrynowy – papierek wskaźnikowy,Zbadałeś sok cytrynowy papierkiem wskaźnikowym i zabarwił się na czerwono. Jaki to odczyn?,"Czerwone zabarwienie uniwersalnego papierka wskaźnikowego oznacza odczyn kwasowy, nie zasadowy. Zgadza się to z faktem, że sok cytrynowy zawiera kwas cytrynowy i faktycznie ma odczyn kwasowy (niskie pH). Barwa czerwona na papierku wskaźnikowym nigdy nie oznacza zasady — to typowa pułapka wynikająca z mylenia skojarzeń kolorystycznych.",pułapka: przypisanie koloru czerwonego odczynowi zasadowemu
85,CHEM-P5a-B08,chemia,5a,Wodorotlenki i kwasy,Wodorotlenki i kwasy,B,8,Przyczyny kwaśnych opadów,Co jest główną przyczyną kwaśnych opadów i jak ograniczyć ich powstawanie?,"Główną przyczyną kwaśnych opadów są tlenki siarki (głównie SO2) i tlenki azotu (NOx), które powstają przy spalaniu paliw kopalnych (węgla, ropy, ich pochodnych) w elektrowniach, zakładach przemysłowych i silnikach spalinowych. W atmosferze tlenki te reagują z wodą (parą wodną, kroplami deszczu), tworząc kwas siarkowy(VI) i kwas azotowy(V), które następnie opadają na ziemię jako kwaśny deszcz. Ograniczenie polega na odsiarczaniu spalin i paliw, stosowaniu filtrów oraz katalizatorów spalin w samochodach, a także na przechodzeniu na odnawialne źródła energii, które nie emitują tych tlenków.",pułapka: ogólnikowa odpowiedź „zanieczyszczenia” bez wskazania konkretnych tlenków
86,CHEM-P5a-C01,chemia,5a,Wodorotlenki i kwasy,Wodorotlenki i kwasy,C,1,Porównanie pH 2 i 6 – stężenie jonów H+,"Zanim sprawdzisz dokładnie, oszacuj „na oko”: które pH — 2 czy 6 — odpowiada roztworowi bardziej kwasowemu? Wytłumacz to przez stężenie jonów wodorowych.","Bardziej kwasowy jest roztwór o pH = 2. Skala pH jest logarytmiczna i odwrotnie proporcjonalna do stężenia jonów H+: im niższe pH, tym większe stężenie H+. Różnica 4 jednostek pH (od 6 do 2) oznacza różnicę stężenia jonów H+ aż o czynnik 10^4, czyli 10 000 razy — roztwór o pH = 2 ma więc 10 000 razy więcej jonów wodorowych niż roztwór o pH = 6, mimo że różnica liczbowa wydaje się mała."
87,CHEM-P5a-C02,chemia,5a,Wodorotlenki i kwasy,Wodorotlenki i kwasy,C,2,"Rozróżnianie HCl, NaOH i wody jednym wskaźnikiem","Masz trzy nieoznakowane probówki z HCl, NaOH i wodą destylowaną. Zaproponuj, jak za pomocą jednego wskaźnika odróżnić wszystkie trzy.","Najlepiej użyć uniwersalnego papierka wskaźnikowego (lub uniwersalnego wskaźnika pH w postaci roztworu), bo daje on różne barwy w zależności od konkretnej wartości pH, a nie tylko sygnalizuje „kwas/zasada”. Zanurzając papierek kolejno w każdej probówce: w HCl papierek zabarwi się na czerwono/pomarańczowo (pH wyraźnie poniżej 7), w wodzie destylowanej pozostanie zielony (pH ≈ 7, odczyn obojętny), a w NaOH zabarwi się na niebiesko/fioletowo (pH wyraźnie powyżej 7). Dzięki temu, że skala barw jest ciągła i odpowiada konkretnym wartościom pH, jeden wskaźnik wystarcza do rozróżnienia wszystkich trzech próbek."
88,CHEM-P5a-C03,chemia,5a,Wodorotlenki i kwasy,Wodorotlenki i kwasy,C,3,Związek dysocjacji kwasu z pH,Wytłumacz związek między dysocjacją kwasu a jego wpływem na pH roztworu.,"Kwasy obniżają pH roztworu właśnie dzięki dysocjacji elektrolitycznej: rozpadając się w wodzie, uwalniają jony wodorowe H+ (dokładniej jony oksoniowe H3O+), a to właśnie stężenie tych jonów decyduje o wartości pH. Im silniejszy kwas i im bardziej dysocjuje (czyli im większy jest stopień dysocjacji), tym więcej jonów H+ powstaje w roztworze o danym stężeniu, a więc tym niższe (bardziej kwasowe) jest pH. Dlatego np. mocny kwas solny (dysocjujący niemal całkowicie) daje niższe pH niż słaby kwas octowy o tym samym stężeniu molowym, który dysocjuje tylko częściowo."
89,CHEM-P5a-D01,chemia,5a,Wodorotlenki i kwasy,Wodorotlenki i kwasy,D,1,Błąd: zasada = wodorotlenek zamiennie,"Kolega mówi: „Zasada to to samo co wodorotlenek, więc te słowa można używać zamiennie”. Oceń.","To uproszczenie zawiera nieścisłość. Wodorotlenek to nazwa klasy związków chemicznych o wzorze ogólnym M(OH)n, niezależnie od tego, czy dany wodorotlenek rozpuszcza się w wodzie, czy nie (np. Cu(OH)2 czy Fe(OH)3 to trudno rozpuszczalne wodorotlenki). Zasada natomiast to pojęcie związane z odczynem roztworu — określa substancję, która w wodzie zwiększa stężenie jonów OH-, nadając roztworowi odczyn zasadowy; w praktyce szkolnej dotyczy to zwykle rozpuszczalnych w wodzie wodorotlenków (np. NaOH, KOH). Dlatego każda „zasada” w tym sensie jest wodorotlenkiem, ale nie każdy wodorotlenek (zwłaszcza trudno rozpuszczalny) trzeba nazywać zasadą — należy koledze wytłumaczyć to rozróżnienie, zamiast uznawać oba pojęcia za identyczne.",zadanie zawiera nieścisłość (uproszczenie)
90,CHEM-P5a-D02,chemia,5a,Wodorotlenki i kwasy,Wodorotlenki i kwasy,D,2,Błąd: niskie pH soku żołądkowego jako zasadowy,"Koleżanka zmierzyła pH soku żołądkowego = 2 i stwierdziła: „To znaczy, że sok żołądkowy jest zasadowy, bo pH jest niskie i to specjalna, mocna zasada”. Oceń.","Koleżanka popełniła błąd. Niskie pH (poniżej 7) oznacza odczyn kwasowy, a nie zasadowy — im niższe pH, tym silniej kwasowy jest roztwór. Sok żołądkowy zawiera kwas solny (HCl), dlatego jego pH ≈ 2 świadczy o silnie kwasowym, a nie zasadowym charakterze. Odczyn zasadowy odpowiadałby wartościom pH powyżej 7, im bliżej 14, tym mocniejsza zasada.",zadanie zawiera błąd
91,CHEM-P5b-A01,chemia,5b,Sole,Sole,A,1,Na czym polega zobojętnianie,"Skąd „wiadomo”, że reakcja kwasu z zasadą to „zobojętnianie” — co dokładnie się zobojętnia?","W reakcji zobojętniania jony wodorowe H+ pochodzące z kwasu łączą się z jonami wodorotlenkowymi OH- pochodzącymi z zasady, tworząc cząsteczki wody (H+ + OH- → H2O). To właśnie znika (zobojętnia się) charakter kwasowy roztworu (nadmiar H+) i charakter zasadowy (nadmiar OH-) — jeśli kwas i zasada zostaną zmieszane w odpowiednich, stechiometrycznych ilościach, roztwór traci swój wyraźnie kwasowy lub zasadowy odczyn i dąży do odczynu obojętnego. Pozostałe jony (kation metalu z zasady i reszta kwasowa z kwasu) łączą się w sól."
92,CHEM-P5b-A02,chemia,5b,Sole,Sole,A,2,Różne sole z tego samego kwasu,Dlaczego z tego samego kwasu i różnych metali/wodorotlenków/tlenków można otrzymać różne sole?,"Sól powstaje z połączenia kationu metalu (pochodzącego z użytego metalu, wodorotlenku lub tlenku) z anionem reszty kwasowej (pochodzącym z kwasu). Reszta kwasowa jest zawsze taka sama, dopóki używamy tego samego kwasu, ale kation metalu zmienia się w zależności od tego, jaki metal (lub jego wodorotlenek/tlenek) weźmie udział w reakcji. Dlatego np. z kwasu solnego HCl można otrzymać zarówno chlorek sodu NaCl (z sodu lub NaOH), jak i chlorek wapnia CaCl2 (z wapnia, Ca(OH)2 lub CaO) — sól zależy od tego, jaki kation wprowadzamy do reakcji."
93,CHEM-P5b-B01,chemia,5b,Sole,Sole,B,1,Reakcja zobojętniania HCl+NaOH – cząsteczkowo i jonowo,Zapisz równanie reakcji zobojętniania HCl i NaOH w formie cząsteczkowej i jonowej. Jaka sól powstaje?,"Zapis cząsteczkowy: HCl + NaOH → NaCl + H2O. Zapis jonowy pełny: H+ + Cl- + Na+ + OH- → Na+ + Cl- + H2O. Zapis jonowy skrócony (po usunięciu jonów widzów Na+ i Cl-, które nie biorą udziału w reakcji): H+ + OH- → H2O. Powstającą solą jest chlorek sodu (NaCl). Pominięcie zapisu jonowego lub błędne skreślenie niewłaściwych jonów (np. skreślenie H+ zamiast Na+) to typowy błąd — jonami widzami są tylko te, które występują w tej samej postaci po obu stronach równania.",pułapka: pominięcie zapisu jonowego lub błędne skrócenie jonów
94,CHEM-P5b-B02,chemia,5b,Sole,Sole,B,2,"Wzór siarczanu(VI) żelaza(III), nazwa K3PO4",Utwórz wzór sumaryczny siarczanu(VI) żelaza(III) i podaj nazwę soli o wzorze K₃PO₄.,"Siarczan(VI) żelaza(III): kation to Fe3+, anion (reszta kwasowa siarczanu(VI)) to SO4^2-. Aby ładunki się zbilansowały, potrzeba 2 kationów Fe3+ (ładunek łączny 6+) i 3 anionów SO4^2- (ładunek łączny 6-), stąd poprawny wzór to Fe2(SO4)3. Typowy błąd to nieuwzględnienie zmiennej wartościowości żelaza i zapisanie np. FeSO4 (to byłby siarczan(VI) żelaza(II)). Wzór K3PO4 to fosforan(V) potasu (kation K+, reszta kwasowa PO4^3- z kwasu fosforowego(V), stąd potrzeba trzech jonów potasu).",pułapka: błędne ustalenie indeksów przy metalu o zmiennej wartościowości
95,CHEM-P5b-B03,chemia,5b,Sole,Sole,B,3,Reakcje HCl z MgO i H2SO4 z Zn,Zapisz równanie reakcji kwasu solnego z tlenkiem magnezu oraz kwasu siarkowego(VI) z cynkiem.,"Kwas solny z tlenkiem magnezu (kwas + tlenek metalu → sól + woda): 2HCl + MgO → MgCl2 + H2O. Kwas siarkowy(VI) z cynkiem (kwas + metal → sól + wodór): H2SO4 + Zn → ZnSO4 + H2↑. Ważne jest, by nie pomylić tych dwóch typów reakcji: reakcja kwasu z tlenkiem metalu daje sól i wodę, natomiast reakcja kwasu z metalem (metalem aktywnym, znajdującym się przed wodorem w szeregu aktywności) daje sól i wydzielający się gazowy wodór H2, a nie wodę.",pułapka: pominięcie wydzielającego się wodoru w reakcji kwasu z metalem
96,CHEM-P5b-B04,chemia,5b,Sole,Sole,B,4,Dysocjacja azotanu(V) sodu,Zapisz równanie dysocjacji elektrolitycznej azotanu(V) sodu.,"NaNO3 → Na+ + NO3-. Jon azotanowy(V) NO3- jest resztą kwasową pochodzącą od kwasu azotowego(V) HNO3 i podczas dysocjacji soli pozostaje w całości jako jeden jon — nie rozpada się dalej na osobne atomy azotu i tlenu. Typowym błędem jest błędne rozbicie reszty kwasowej na mniejsze fragmenty zamiast pozostawienia jej jako jednego, złożonego jonu.",pułapka: błędne rozbicie na jony reszty kwasowej
97,CHEM-P5b-B05,chemia,5b,Sole,Sole,B,5,Otrzymywanie soli metodą strąceniową,"Zaproponuj doświadczenie otrzymywania trudno rozpuszczalnej soli metodą strąceniową i zapisz równanie cząsteczkowe i jonowe skrócone, korzystając z tablicy rozpuszczalności.","Przykład: reakcja chlorku baru z siarczanem(VI) sodu. Zapis cząsteczkowy: BaCl2 + Na2SO4 → BaSO4↓ + 2NaCl. Zapis jonowy skrócony: Ba^2+ + SO4^2- → BaSO4↓. Zanim zapiszemy reakcję, trzeba sprawdzić w tablicy rozpuszczalności oba możliwe produkty: BaSO4 jest praktycznie nierozpuszczalny w wodzie (dlatego wytrąca się jako osad), natomiast NaCl jest dobrze rozpuszczalny i pozostaje w roztworze jako jony. Pominięcie sprawdzenia rozpuszczalności grozi błędnym zapisaniem reakcji, w której żaden osad w rzeczywistości by się nie wytrącił.",pułapka: pominięcie sprawdzenia rozpuszczalności obu potencjalnych produktów
98,CHEM-P5b-B06,chemia,5b,Sole,Sole,B,6,Zastosowania NaCl i CaCO3,Podaj po jednym zastosowaniu chlorku sodu i węglanu wapnia.,"Chlorek sodu (NaCl) jest powszechnie stosowany jako sól kuchenna, czyli przyprawa i konserwant żywności. Węglan wapnia (CaCO3) jest wykorzystywany m.in. jako surowiec do produkcji cementu i wapna w budownictwie. Nie należy zamieniać tych zastosowań miejscami — to różne sole o odmiennych właściwościach i zastosowaniach.",pułapka: pomylenie zastosowań
99,CHEM-P5b-C01,chemia,5b,Sole,Sole,C,1,Reakcja HCl z CaCO3 – wydzielający się gaz,"Zanim napiszesz równanie, oszacuj „na oko”: czy reakcja kwasu solnego z węglanem wapnia będzie gwałtowna (z wydzielaniem gazu) czy spokojna? Napisz równanie i sprawdź, jaki gaz się wydziela.","Reakcja będzie gwałtowna, z wyraźnym wydzielaniem gazu — burzeniem/pienieniem się roztworu, bo węglany reagują z mocnymi kwasami, uwalniając dwutlenek węgla. Równanie: CaCO3 + 2HCl → CaCl2 + H2O + CO2↑. Wydzielający się gaz to dwutlenek węgla (CO2) — można to potwierdzić, wprowadzając go do wody wapiennej, która wtedy mętnieje na skutek wytrącania się nierozpuszczalnego CaCO3."
100,CHEM-P5b-C02,chemia,5b,Sole,Sole,C,2,Zapis jonowy skrócony zobojętniania H+ + OH- → H2O,"Wytłumacz, dlaczego reakcja zobojętniania w zapisie jonowym skróconym sprowadza się zawsze do H⁺ + OH⁻ → H₂O, niezależnie od tego, jaki kwas i jaka zasada reagują.","W zapisie jonowym skróconym pomija się jony widzowie, czyli te, które występują w tej samej postaci po obu stronach równania i faktycznie nie biorą udziału w reakcji (kation metalu z zasady i reszta kwasowa z kwasu — one po prostu „przechodzą” do soli). W każdej reakcji zobojętniania mocnego, rozpuszczalnego kwasu z mocną, rozpuszczalną zasadą jedynym procesem, który faktycznie zachodzi, jest połączenie jonu H+ z jonem OH- w cząsteczkę wody. Dlatego niezależnie od tego, jaki konkretnie kwas i jaka zasada reagują (o ile są to elektrolity mocne i rozpuszczalne), zapis jonowy skrócony zawsze wygląda tak samo: H+ + OH- → H2O."
101,CHEM-P5b-C03,chemia,5b,Sole,Sole,C,3,Dwie metody otrzymywania CaCl2,"Dla chlorku wapnia wybierz i zapisz dwie różne metody otrzymywania (spośród: kwas+zasada, kwas+tlenek metalu, kwas+metal, zasada+tlenek niemetalu), uzasadniając, że dają ten sam produkt.","Metoda 1 (kwas + zasada): 2HCl + Ca(OH)2 → CaCl2 + 2H2O. Metoda 2 (kwas + metal): 2HCl + Ca → CaCl2 + H2↑. W obu przypadkach do reakcji wprowadzamy jony Ca^2+ (z wodorotlenku wapnia albo z metalicznego wapnia) oraz jony Cl- (z kwasu solnego) w takim samym stosunku 1:2, więc w obu przypadkach głównym produktem soli jest dokładnie ten sam związek — chlorek wapnia CaCl2. Metody różnią się jedynie drugim produktem reakcji (woda w pierwszym przypadku, gazowy wodór w drugim), co wynika z tego, z jakim reagentem wapń wchodzi do reakcji."
102,CHEM-P5b-D01,chemia,5b,Sole,Sole,D,1,Błąd: wzór siarczanu(VI) glinu,"Kolega zapisał wzór siarczanu(VI) glinu jako AlSO₄ i twierdzi, że jest poprawny. Sprawdź.","Kolega popełnił błąd. Kation glinu ma ładunek Al^3+, a reszta kwasowa siarczanu(VI) ma ładunek SO4^2-. Aby ładunki się zbilansowały, trzeba znaleźć najmniejszą wspólną wielokrotność 3 i 2, czyli 6: potrzeba 2 kationów Al^3+ (6+) i 3 anionów SO4^2- (6-). Poprawny wzór to Al2(SO4)3, a nie AlSO4 — zapis AlSO4 zakładałby błędnie, że ładunki obu jonów są sobie równe (1:1), co jest niezgodne z rzeczywistymi wartościowościami.",zadanie zawiera błąd
103,CHEM-P5b-D02,chemia,5b,Sole,Sole,D,2,Błąd: kwas + metal zawsze daje sól i wodę,"Koleżanka mówi: „Reakcja kwasu z metalem zawsze daje sól i wodę, tak jak reakcja kwasu z zasadą”. Oceń.","Koleżanka popełniła błąd. Reakcja kwasu z metalem (aktywnym, znajdującym się w szeregu aktywności metali przed wodorem) daje sól i wydzielający się gazowy wodór H2, a nie wodę — np. Zn + H2SO4 → ZnSO4 + H2↑. Wodę jako drugi produkt otrzymuje się natomiast w reakcji kwasu z zasadą (zobojętnianie: kwas + zasada → sól + H2O) oraz w reakcji kwasu z tlenkiem metalu. Nie można więc utożsamiać tych dwóch typów reakcji.",zadanie zawiera błąd
104,CHEM-P6-A01,chemia,6,Związki węgla z wodorem – węglowodory,Związki węgla z wodorem – węglowodory,A,1,Węglowodór nasycony a nienasycony – wiązania,Co dokładnie odróżnia węglowodór nasycony od nienasyconego — na czym polega ta „nienasyconość” na poziomie wiązań?,"Węglowodór nasycony (alkan) ma między wszystkimi atomami węgla wyłącznie pojedyncze wiązania C-C, dzięki czemu każdy atom węgla jest „obsadzony” maksymalną możliwą liczbą atomów wodoru — cząsteczka jest więc w pełni „nasycona” wodorem. Węglowodór nienasycony (alken, alkin) zawiera przynajmniej jedno wiązanie wielokrotne między atomami węgla — podwójne (C=C) w alkenach lub potrójne (C≡C) w alkinach — co oznacza, że przy tych atomach węgla jest mniej atomów wodoru, niż mogłoby być, gdyby wszystkie wiązania były pojedyncze. „Nienasyconość” polega więc dokładnie na tym, że cząsteczka nie wykorzystała pełnej możliwej liczby wiązań z wodorem, tylko część „wolnych miejsc” zamieniła na dodatkowe wiązanie między atomami węgla — dlatego takie wiązania wielokrotne mogą łatwo ulegać reakcjom addycji (np. z bromem czy wodorem), w przeciwieństwie do trwałych, pojedynczych wiązań w alkanach."
105,CHEM-P6-A02,chemia,6,Związki węgla z wodorem – węglowodory,Związki węgla z wodorem – węglowodory,A,2,Długość łańcucha a temperatura wrzenia alkanów,"Dlaczego wraz z wydłużaniem łańcucha węglowego w alkanach zmieniają się właściwości fizyczne, np. temperatura wrzenia?","Wraz z wydłużaniem łańcucha węglowego rośnie masa cząsteczkowa alkanu, a przede wszystkim rośnie powierzchnia kontaktu między sąsiednimi cząsteczkami, co zwiększa siłę słabych oddziaływań międzycząsteczkowych (sił van der Waalsa/sił dyspersyjnych) trzymających cząsteczki blisko siebie. Im silniejsze te oddziaływania, tym więcej energii (czyli wyższej temperatury) potrzeba, żeby rozerwać je na tyle, by cząsteczki mogły swobodnie przejść w stan gazowy — dlatego dłuższe łańcuchy mają wyższą temperaturę wrzenia. To właśnie dlatego krótkie alkany (np. metan, etan) są w temperaturze pokojowej gazami, średniej długości (np. heksan, oktan) są cieczami, a bardzo długołańcuchowe alkany są ciałami stałymi."
106,CHEM-P6-B01,chemia,6,Związki węgla z wodorem – węglowodory,Związki węgla z wodorem – węglowodory,B,1,Definicja alkanu i alkenu,"Zdefiniuj alkan i alken własnymi słowami, odwołując się do rodzaju wiązań między atomami węgla.","Alkan to węglowodór nasycony, w którym wszystkie atomy węgla połączone są ze sobą wyłącznie pojedynczymi wiązaniami C-C (a pozostałe miejsca przy każdym atomie węgla zajmują atomy wodoru) — ogólny wzór to CnH2n+2. Alken to węglowodór nienasycony, w którym między dwoma atomami węgla w łańcuchu występuje jedno podwójne wiązanie C=C, a reszta wiązań w łańcuchu jest pojedyncza — ogólny wzór to CnH2n. Kluczowa pułapka: definicja nie powinna opierać się na tym, „ile jest atomów wodoru” (bo to tylko konsekwencja budowy), tylko na rodzaju wiązania między atomami węgla — to właśnie rodzaj wiązania (pojedyncze vs. podwójne) jest cechą definiującą, a liczba wodorów jedynie z niej wynika.",pułapka: definiowanie przez liczbę atomów wodoru zamiast rodzaju wiązania C-C
107,CHEM-P6-B02,chemia,6,Związki węgla z wodorem – węglowodory,Związki węgla z wodorem – węglowodory,B,2,Wzór alkanu o 6 atomach C,"Zapisz wzór sumaryczny alkanu o 6 atomach węgla, korzystając ze wzoru CnH2n+2.","Podstawiając n = 6 do wzoru CnH2n+2 otrzymujemy: liczba atomów wodoru = 2×6+2 = 14, więc wzór sumaryczny to C6H14 (heksan). Częsty błąd (pułapka) to pominięcie „+2” na końcu wzoru i policzenie tylko 2n, co dałoby błędnie C6H12 — trzeba pamiętać, żeby po pomnożeniu liczby atomów węgla przez 2 dodać jeszcze 2, bo dopiero to daje poprawną, pełną liczbę atomów wodoru w alkanie.","pułapka: błędne podstawienie, pominięcie +2"
108,CHEM-P6-B03,chemia,6,Związki węgla z wodorem – węglowodory,Związki węgla z wodorem – węglowodory,B,3,"Szereg temperatur wrzenia: metan, propan, oktan","Uszereguj metan, propan i oktan według rosnącej temperatury wrzenia i wytłumacz dlaczego.","Rosnąca kolejność temperatury wrzenia to: metan (najniższa) < propan < oktan (najwyższa). Wynika to z tego, że im dłuższy łańcuch węglowy, tym większa masa cząsteczkowa i większa powierzchnia kontaktu między cząsteczkami, co zwiększa siły van der Waalsa (siły dyspersyjne) między nimi — a im silniejsze te oddziaływania, tym więcej energii (wyższej temperatury) trzeba dostarczyć, żeby cząsteczki mogły oderwać się od siebie i przejść w stan gazowy. Metan, mając zaledwie jeden atom węgla, ma najsłabsze oddziaływania międzycząsteczkowe i wrze w bardzo niskiej temperaturze (jest gazem nawet w bardzo niskich temperaturach), a oktan, mający osiem atomów węgla, ma znacznie silniejsze oddziaływania i wrze dopiero w wysokiej temperaturze (jest cieczą w temperaturze pokojowej). Pułapka: odpowiedź w odwrotnej kolejności (oktan < propan < metan) jest błędna — to dłuższy, a nie krótszy łańcuch daje wyższą temperaturę wrzenia.",pułapka: odwrotna kolejność
109,CHEM-P6-B04,chemia,6,Związki węgla z wodorem – węglowodory,Związki węgla z wodorem – węglowodory,B,4,Spalanie całkowite i niecałkowite propanu,Zapisz równania spalania całkowitego i niecałkowitego propanu (przy dużym i małym dostępie tlenu).,"Spalanie całkowite (przy dużym dostępie tlenu): C3H8 + 5O2 → 3CO2 + 4H2O — produktami są wyłącznie dwutlenek węgla i woda. Spalanie niecałkowite (przy ograniczonym dostępie tlenu) daje inne produkty w zależności od stopnia niedoboru tlenu: przy umiarkowanym niedoborze powstaje trujący tlenek węgla(II), np. 2C3H8 + 7O2 → 6CO + 8H2O, a przy bardzo dużym niedoborze tlenu może powstawać nawet wolny węgiel w postaci sadzy, np. C3H8 + 2O2 → 3C + 4H2O. Kluczowa pułapka: przy niepełnym dostępie tlenu produktem nie jest już CO2, tylko CO (tlenek węgla(II), czyli czad) lub sadza (węgiel) — pominięcie tej różnicy i napisanie za każdym razem CO2 jako produktu jest błędem, bo to właśnie mniejsza ilość tlenu zmienia produkt spalania na mniej utleniony.","pułapka: pominięcie, że przy małym dostępie tlenu powstaje CO lub sadza zamiast CO2"
110,CHEM-P6-B05,chemia,6,Związki węgla z wodorem – węglowodory,Związki węgla z wodorem – węglowodory,B,5,"Wzór ogólny alkenów/alkinów, nazwa C4H8",Zapisz wzór ogólny alkenów i alkinów i utwórz na jego podstawie nazwę węglowodoru C4H8.,"Wzór ogólny alkenów to CnH2n, a wzór ogólny alkinów to CnH2n-2. Dla węglowodoru C4H8 sprawdzamy: przy n = 4, wzór alkenu daje 2×4 = 8 atomów wodoru, co dokładnie zgadza się z C4H8 — więc jest to alken o czterech atomach węgla, czyli buten. Kluczowa pułapka: nie wolno pomylić wzoru alkenu (CnH2n) ze wzorem alkinu (CnH2n-2) — gdyby ktoś błędnie zastosował wzór alkinu, otrzymałby dla n=4 wynik 2×4-2=6, czyli C4H6, co nie zgadza się z podanym wzorem C4H8, więc taka substancja musiałaby mieć inną liczbę atomów węgla, a nie być butenem.",pułapka: pomylenie wzoru alkenu CnH2n z alkinem CnH2n-2
111,CHEM-P6-B06,chemia,6,Związki węgla z wodorem – węglowodory,Związki węgla z wodorem – węglowodory,B,6,Odróżnianie etenu od etanu wodą bromową,"Opisz, jaką reakcją i obserwacją można odróżnić eten od etanu przy użyciu wody bromowej.","Do dwóch probówek — jednej z etenem, drugiej z etanem — dodajemy wodę bromową i obserwujemy zmianę zabarwienia. Eten (C2H4), jako węglowodór nienasycony z wiązaniem podwójnym C=C, ulega reakcji addycji z bromem zawartym w wodzie bromowej (CH2=CH2 + Br2 → CH2Br-CH2Br), w wyniku czego brązowo-pomarańczowe zabarwienie wody bromowej znika (zostaje odbarwiona). Etan (C2H6), jako węglowodór w pełni nasycony, nie reaguje z bromem w tych warunkach, więc zabarwienie wody bromowej pozostaje bez zmian. Kluczowa pułapka: to nieprawda, że oba te węglowodory odbarwiają wodę bromową — tylko związek nienasycony (eten) to robi, a nasycony (etan) nie reaguje, więc różnica w zachowaniu wobec wody bromowej jest właśnie tym testem, który je rozróżnia.","pułapka: przekonanie, że oba odbarwiają wodę bromową"
112,CHEM-P6-B07,chemia,6,Związki węgla z wodorem – węglowodory,Związki węgla z wodorem – węglowodory,B,7,"Polimeryzacja etenu, zastosowanie polietylenu",Zapisz równanie reakcji polimeryzacji etenu i podaj jedno zastosowanie polietylenu.,"Równanie reakcji polimeryzacji etenu: n CH2=CH2 → (-CH2-CH2-)n, gdzie n oznacza bardzo dużą liczbę cząsteczek etenu łączących się ze sobą w jeden długi łańcuch polimeru (polietylen). W wyniku tej reakcji podwójne wiązania między atomami węgla w cząsteczkach etenu ulegają rozerwaniu, a uwolnione „wolne końce” łączą się z sąsiednimi cząsteczkami, tworząc długi, powtarzalny łańcuch. Polietylen znajduje szerokie zastosowanie np. do produkcji toreb i folii foliowych (opakowań) albo rur i pojemników plastikowych. Kluczowa pułapka: produktu reakcji nie zapisuje się jako zwykłej, pojedynczej cząsteczki etenu — trzeba go zapisać jako powtarzalną jednostkę w nawiasie z indeksem n, czyli (-CH2-CH2-)n, co pokazuje, że powstaje długi łańcuch polimerowy, a nie pojedyncza mała cząsteczka.",pułapka: zapisanie produktu jako zwykłej cząsteczki etenu zamiast łańcucha (-CH2-CH2-)n
113,CHEM-P6-B08,chemia,6,Związki węgla z wodorem – węglowodory,Związki węgla z wodorem – węglowodory,B,8,Doświadczenie: nasycony vs nienasycony węglowodór,Zaprojektuj doświadczenie pozwalające odróżnić węglowodór nasycony od nienasyconego.,"Do dwóch osobnych probówek wlewamy niewielką ilość wody bromowej, a następnie do jednej dodajemy badany węglowodór nasycony, a do drugiej badany węglowodór nienasycony, po czym wstrząsamy obiema probówkami. Węglowodór nienasycony (zawierający wiązanie podwójne lub potrójne) ulegnie reakcji addycji z bromem i odbarwi wodę bromową, natomiast węglowodór nasycony (zawierający wyłącznie pojedyncze wiązania) nie przereaguje i zabarwienie wody bromowej pozostanie bez zmian — to jednoznacznie pozwala rozróżnić oba typy związków. Kluczowa pułapka: samo spalanie obu próbek nie jest wystarczającym ani wiarygodnym testem — oba typy węglowodorów się palą, a różnice w wyglądzie płomienia (np. bardziej kopcący płomień przy większej nienasyconości) są zbyt subtelne i niejednoznaczne, żeby stanowić pewny dowód — dlatego właściwym, jednoznacznym testem jest reakcja z wodą bromową, a nie sama próba spalania.",pułapka: zaproponowanie tylko spalania zamiast próby z wodą bromową
114,CHEM-P6-B09,chemia,6,Związki węgla z wodorem – węglowodory,Związki węgla z wodorem – węglowodory,B,9,Produkty destylacji ropy naftowej,Wymień dwa produkty destylacji ropy naftowej i po jednym ich zastosowaniu.,"Podczas destylacji frakcyjnej ropy naftowej otrzymuje się m.in. benzynę, czyli frakcję o krótszych łańcuchach węglowych i niższej temperaturze wrzenia, zbieraną bliżej góry kolumny destylacyjnej — jest ona stosowana jako paliwo do silników spalinowych w samochodach. Otrzymuje się też np. asfalt (lub olej opałowy/mazut), czyli frakcję o znacznie dłuższych łańcuchach węglowych i wysokiej temperaturze wrzenia, zbieraną z dołu kolumny — asfalt jest wykorzystywany do budowy i utwardzania nawierzchni dróg. Kluczowa pułapka: trzeba pamiętać o prawidłowej kolejności frakcji względem temperatury wrzenia — im lżejsza frakcja (krótszy łańcuch, niższa temperatura wrzenia), tym wyżej w kolumnie destylacyjnej się ją zbiera (np. gazy, benzyna), a im cięższa frakcja (dłuższy łańcuch, wyższa temperatura wrzenia), tym niżej (np. oleje, mazut, asfalt) — pomylenie tej kolejności jest częstym błędem.",pułapka: pomylenie kolejności frakcji względem temperatury wrzenia
115,CHEM-P6-C01,chemia,6,Związki węgla z wodorem – węglowodory,Związki węgla z wodorem – węglowodory,C,1,Eten vs etan – szybkość odbarwiania wody bromowej,"Zanim porównasz dokładnie, oszacuj „na oko”: eten (C2H4) czy etan (C2H6) szybciej odbarwi wodę bromową? Uzasadnij typem wiązania, potem zapisz równanie reakcji, która to potwierdza.","Na pierwszy rzut oka to eten (C2H4) szybciej i w ogóle odbarwi wodę bromową, a etan (C2H6) nie zareaguje wcale. Uzasadnienie: eten jest węglowodorem nienasyconym, zawierającym podwójne wiązanie C=C między atomami węgla, które bardzo łatwo ulega reakcji addycji z bromem, natomiast etan jest węglowodorem w pełni nasyconym, mającym wyłącznie pojedyncze, trwałe wiązania C-C, które w zwykłych warunkach (bez światła/wysokiej temperatury) nie reagują z bromem. Równanie reakcji potwierdzającej: CH2=CH2 + Br2 → CH2Br-CH2Br (addycja bromu do etenu z utworzeniem 1,2-dibromoetanu), w wyniku czego brązowe zabarwienie wody bromowej znika; dla etanu żadna analogiczna reakcja nie zachodzi, więc zabarwienie pozostaje niezmienione."
116,CHEM-P6-C02,chemia,6,Związki węgla z wodorem – węglowodory,Związki węgla z wodorem – węglowodory,C,2,"C3H6 – alkan czy alken, spalanie","Dla węglowodoru C3H6 rozstrzygnij, czy to alkan czy alken, i zapisz równanie jego spalania całkowitego.","Sprawdzamy, do którego wzoru ogólnego pasuje C3H6: dla alkanu (CnH2n+2) przy n=3 powinno być 2×3+2=8 atomów wodoru, czyli C3H8 — to się nie zgadza. Dla alkenu (CnH2n) przy n=3 powinno być 2×3=6 atomów wodoru, czyli dokładnie C3H6 — to się zgadza. Węglowodór C3H6 jest więc alkenem (propenem), a nie alkanem. Równanie spalania całkowitego propenu: 2C3H6 + 9O2 → 6CO2 + 6H2O (mnożymy przez 2, żeby uniknąć ułamkowego współczynnika przy tlenie)."
117,CHEM-P6-C03,chemia,6,Związki węgla z wodorem – węglowodory,Związki węgla z wodorem – węglowodory,C,3,Długość łańcucha a zastosowania frakcji ropy,"Wytłumacz związek między długością łańcucha węglowego w alkanach a tym, dlaczego różne frakcje ropy naftowej mają różne zastosowania (benzyna vs. asfalt).","Ropa naftowa jest mieszaniną alkanów o bardzo różnej długości łańcucha węglowego, a długość tego łańcucha bezpośrednio wpływa na właściwości fizyczne danej frakcji, przede wszystkim na jej lotność i temperaturę wrzenia. Krótkie łańcuchy węglowe (jak w benzynie, ok. C5-C10) mają słabsze oddziaływania międzycząsteczkowe, niską temperaturę wrzenia i dużą lotność, dzięki czemu łatwo odparowują i łatwo się zapalają — to sprawia, że benzyna świetnie nadaje się jako paliwo do silników spalinowych, które potrzebują szybko parującej i łatwopalnej mieszanki. Bardzo długie łańcuchy węglowe (jak w asfalcie, powyżej C20) mają znacznie silniejsze oddziaływania międzycząsteczkowe, bardzo wysoką temperaturę wrzenia, dużą lepkość i praktycznie się nie odparowują ani łatwo nie zapalają w normalnych warunkach — dlatego asfalt nie nadaje się na paliwo, za to doskonale sprawdza się jako trwały, niereaktywny materiał do budowy nawierzchni dróg. Różnica w zastosowaniu wynika więc bezpośrednio z różnicy w długości łańcucha i związanej z nią różnicy właściwości fizycznych."
118,CHEM-P6-D01,chemia,6,Związki węgla z wodorem – węglowodory,Związki węgla z wodorem – węglowodory,D,1,Błąd: C3H8 jako alken,"Kolega twierdzi: „C3H8 to alken, bo ma 8 atomów wodoru, czyli dużo, więc jest nienasycony”. Oceń.","To stwierdzenie zawiera błąd. C3H8 to propan, czyli alkan (węglowodór nasycony), a nie alken. Sprawdzamy to, podstawiając n=3 do wzoru ogólnego alkanów CnH2n+2: 2×3+2=8, co dokładnie zgadza się ze wzorem C3H8 — więc jest to typowy, w pełni nasycony alkan. Błąd kolegi polega na odwróceniu logiki: to właśnie duża liczba atomów wodoru (maksymalna możliwa dla danej liczby atomów węgla) świadczy o pełnym nasyceniu cząsteczki wodorem, a nie o jej nienasyceniu — węglowodór nienasycony miałby mniej atomów wodoru niż maksymalna możliwa liczba (dla n=3 alken miałby wzór C3H6, czyli mniej, a nie więcej wodoru). Żeby wytłumaczyć to koledze: nienasycenie nie oznacza „dużo wodoru”, tylko odwrotnie — brakuje części wodoru w porównaniu do alkanu o tej samej liczbie atomów węgla, bo część „miejsc” zajęło dodatkowe wiązanie między atomami węgla.",zadanie zawiera błąd
119,CHEM-P6-D02,chemia,6,Związki węgla z wodorem – węglowodory,Związki węgla z wodorem – węglowodory,D,2,Błąd: bilansowanie spalania metanu,"Koleżanka pisze równanie spalania metanu jako CH4 + O2 → CO2 + H2O i mówi, że jest zbilansowane. Sprawdź.","To stwierdzenie zawiera błąd — podane równanie nie jest zbilansowane. Sprawdźmy bilans atomów po obu stronach zapisu CH4 + O2 → CO2 + H2O: po lewej stronie mamy 1 atom węgla, 4 atomy wodoru i 2 atomy tlenu, a po prawej stronie 1 atom węgla, tylko 2 atomy wodoru (z jednej cząsteczki H2O) i 3 atomy tlenu (2 z CO2 i 1 z H2O) — liczba atomów wodoru i tlenu się nie zgadza. Poprawnie zbilansowane równanie to: CH4 + 2O2 → CO2 + 2H2O — teraz po lewej stronie mamy 1 atom węgla, 4 atomy wodoru i 4 atomy tlenu (2×2), a po prawej 1 atom węgla, 4 atomy wodoru (2×2 z dwóch cząsteczek wody) i 4 atomy tlenu (2 z CO2 + 2 z dwóch cząsteczek H2O) — teraz wszystko się zgadza. Żeby wytłumaczyć to koleżance: trzeba zawsze policzyć liczbę atomów każdego pierwiastka osobno po obu stronach równania i dobrać współczynniki tak, żeby się one zgadzały, a nie tylko sprawdzić, czy wzory „wyglądają podobnie”.",zadanie zawiera błąd
120,CHEM-P7-A01,chemia,7,Pochodne węglowodorów,Pochodne węglowodorów,A,1,Grupa –OH a właściwości alkoholu,"Co sprawia, że dodanie grupy –OH do węglowodoru zmienia go w zupełnie inną substancję (alkohol)?","Grupa –OH (hydroksylowa) jest silnie polarna i zdolna do tworzenia wiązań wodorowych, w przeciwieństwie do niepolarnych wiązań C–H i C–C budujących sam węglowodór. Podstawienie jednego atomu wodoru grupą –OH wprowadza do cząsteczki nowe, reaktywne miejsce – tzw. grupę funkcyjną – która decyduje o właściwościach chemicznych i fizycznych związku. Dlatego np. etanol, w odróżnieniu od etanu, rozpuszcza się w wodzie, ma znacznie wyższą temperaturę wrzenia i reaguje z sodem – to grupa funkcyjna, a nie szkielet węglowy, nadaje związkowi charakter chemiczny."
121,CHEM-P7-A02,chemia,7,Pochodne węglowodorów,Pochodne węglowodorów,A,2,Estryfikacja – co powstaje i znika,"Dlaczego reakcja estryfikacji łączy w sobie i kwas, i alkohol — co dokładnie „znika”, a co powstaje?","W reakcji estryfikacji kwas karboksylowy i alkohol łączą się ze sobą, a przy tym odszczepia się cząsteczka wody – grupa –OH pochodząca z kwasu oraz atom wodoru z grupy –OH alkoholu tworzą razem H2O. Pozostałe fragmenty obu cząsteczek łączą się nowym wiązaniem, zwanym wiązaniem estrowym, tworząc ester. Dlatego produktami każdej reakcji estryfikacji są zawsze dwie substancje: ester i woda, a do przebiegu reakcji niezbędny jest zarówno kwas, jak i alkohol – żaden z nich osobno estru nie utworzy."
122,CHEM-P7-B01,chemia,7,Pochodne węglowodorów,Pochodne węglowodorów,B,1,"Wzór i nazwa etanolu, mono- czy polihydroksylowy",Zapisz wzór sumaryczny i półstrukturalny etanolu i podaj jego nazwę systematyczną. Czy to alkohol mono- czy polihydroksylowy?,"Wzór sumaryczny etanolu: C2H6O (zapisywany też jako C2H5OH). Wzór półstrukturalny: CH3–CH2–OH. Nazwa systematyczna to etanol. Cząsteczka zawiera tylko jedną grupę –OH, więc jest to alkohol monohydroksylowy. Uwaga na pułapkę: liczba atomów węgla w cząsteczce (2) nie ma związku z liczbą grup –OH (1) – to, czy alkohol jest mono- czy polihydroksylowy, trzeba oceniać wyłącznie po liczbie grup –OH, a nie po długości łańcucha węglowego.",pułapka: mylenie liczby grup –OH z liczbą atomów węgla
123,CHEM-P7-B02,chemia,7,Pochodne węglowodorów,Pochodne węglowodorów,B,2,"Zastosowania metanolu i etanolu, toksyczność metanolu","Wymień jedno zastosowanie metanolu i etanolu oraz opisz, dlaczego metanol jest szczególnie niebezpieczny.","Etanol jest stosowany jako rozpuszczalnik oraz składnik napojów alkoholowych i środków dezynfekujących. Metanol jest stosowany głównie jako rozpuszczalnik przemysłowy oraz surowiec do produkcji formaliny i niektórych paliw. Metanol jest szczególnie niebezpieczny, ponieważ w organizmie człowieka jest utleniany do formaldehydu, a następnie do kwasu mrówkowego – substancji silnie toksycznych, które uszkadzają nerw wzrokowy (mogą powodować trwałą ślepotę) i zaburzają gospodarkę kwasowo-zasadową organizmu, prowadząc nawet do śmierci już przy spożyciu niewielkiej ilości (kilkanaście–kilkadziesiąt mililitrów). Pułapka: mimo podobnej budowy chemicznej metanol NIE jest „łagodniejszą wersją” etanolu – ich toksyczność dla organizmu jest zupełnie inna i nie można ich traktować zamiennie.",pułapka: mylenie toksyczności metanolu z etanolem
124,CHEM-P7-B03,chemia,7,Pochodne węglowodorów,Pochodne węglowodorów,B,3,"Wzór glicerolu, liczba grup –OH",Zapisz wzór glicerolu i podaj liczbę grup –OH w jego cząsteczce.,"Wzór glicerolu: C3H5(OH)3, co można też zapisać jako CH2OH–CHOH–CH2OH. Cząsteczka glicerolu zawiera 3 grupy –OH, dlatego jest alkoholem polihydroksylowym (trihydroksylowym). Pułapka: w tym akurat przypadku liczba atomów węgla (3) i liczba grup –OH (3) są sobie równe, co jest przypadkiem, a nie regułą – nie należy z tego wnioskować, że w innych alkoholach te dwie liczby zawsze się pokrywają (np. w etanolu są 2 atomy węgla, ale tylko 1 grupa –OH).",pułapka: pomylenie liczby atomów węgla z liczbą grup –OH
125,CHEM-P7-B04,chemia,7,Pochodne węglowodorów,Pochodne węglowodorów,B,4,Kwas organiczny w przyrodzie – przykład,Podaj przykład kwasu organicznego występującego w przyrodzie i miejsce jego występowania.,"Przykłady: kwas mrówkowy występuje w jadzie mrówek oraz w pokrzywach (powoduje pieczenie po dotknięciu liścia); kwas szczawiowy występuje w liściach szczawiu i rabarbaru; kwas cytrynowy występuje w owocach cytrusowych, np. w cytrynach i pomarańczach. Wystarczy podać jeden poprawnie dopasowany przykład (nazwa kwasu + jego naturalne źródło). Pułapka: nazwy tych trzech kwasów łatwo pomylić i przypisać im niewłaściwe źródło – trzeba pamiętać, który kwas pochodzi z których roślin/organizmów.","pułapka: mylenie nazw kwasu mrówkowego, szczawiowego i cytrynowego z ich źródłami"
126,CHEM-P7-B05,chemia,7,Pochodne węglowodorów,Pochodne węglowodorów,B,5,"Reakcja kwasu octowego z NaOH, dysocjacja, odczyn",Zapisz równanie reakcji kwasu etanowego z wodorotlenkiem sodu oraz równanie jego dysocjacji. Jaki jest odczyn wodnego roztworu kwasu octowego?,"Reakcja zobojętniania: CH3COOH + NaOH → CH3COONa + H2O. Dysocjacja: CH3COOH ⇌ CH3COO⁻ + H⁺ (strzałka dwustronna, bo kwas octowy jest słabym elektrolitem i dysocjuje tylko częściowo). Wodny roztwór kwasu octowego ma odczyn kwasowy, pH < 7. Pułapka: mimo że kwas octowy jest kwasem słabym i dysocjuje tylko w niewielkim stopniu, jego roztwór wodny nadal jest kwaśny – „słaby” odnosi się do stopnia dysocjacji, a nie do braku kwasowego odczynu.","pułapka: pominięcie, że roztwór ma odczyn kwasowy, pH<7"
127,CHEM-P7-B06,chemia,7,Pochodne węglowodorów,Pochodne węglowodorów,B,6,Otrzymywanie octanu etylu,"Zapisz równanie reakcji otrzymywania octanu etylu z kwasu etanowego i etanolu, wskazując drugi produkt.","Równanie reakcji estryfikacji: CH3COOH + C2H5OH ⇌ CH3COOC2H5 + H2O (reakcja odwracalna, katalizowana zazwyczaj stężonym kwasem siarkowym(VI)). Głównym produktem organicznym jest octan etylu, a drugim, koniecznym produktem tej reakcji jest woda. Pułapka: przy zapisywaniu równania łatwo zapomnieć dopisać wodę jako drugi produkt – w każdej reakcji estryfikacji obok estru zawsze powstaje H2O.",pułapka: pominięcie wody jako drugiego produktu estryfikacji
128,CHEM-P7-C01,chemia,7,Pochodne węglowodorów,Pochodne węglowodorów,C,1,Reakcja kwasu octowego z cynkiem vs HCl z metalem,"Zanim zapiszesz równanie, oszacuj „na oko”, czy reakcja kwasu etanowego z cynkiem będzie przebiegać podobnie do reakcji HCl z metalem. Zapisz równanie i porównaj typ reakcji.","Szacowanie: kwasy karboksylowe, podobnie jak kwasy nieorganiczne (np. HCl), zawierają w cząsteczce atom wodoru zdolny do oddysocjowania jako H⁺, więc można oczekiwać, że będą reagować z aktywnymi metalami w analogiczny sposób, wypierając wodór. Równanie reakcji: 2CH3COOH + Zn → (CH3COO)2Zn + H2↑. Jest to reakcja tego samego typu co Zn + 2HCl → ZnCl2 + H2 – w obu przypadkach metal wypiera wodór z kwasu (reakcja redoks/wypierania), różni się jedynie rodzaj otrzymanej soli: przy kwasie octowym powstaje sól organiczna (octan cynku), a przy HCl – sól nieorganiczna (chlorek cynku)."
129,CHEM-P7-C02,chemia,7,Pochodne węglowodorów,Pochodne węglowodorów,C,2,Skąd bierze się woda w reakcji estryfikacji,"Wytłumacz, dlaczego do otrzymania estru potrzebne są zarówno kwas, jak i alkohol, i wskaż, która część każdej cząsteczki „znika” w postaci wody.","Ester powstaje w wyniku połączenia się fragmentu pochodzącego z kwasu karboksylowego (reszty kwasowej, acylowej: R–CO–) z fragmentem pochodzącym z alkoholu (resztą alkoholową: –O–R'), dlatego oba te substraty są niezbędne – żaden z nich samodzielnie nie utworzy wiązania estrowego. W trakcie reakcji z grupy –OH kwasu oraz z atomu wodoru grupy –OH alkoholu powstaje cząsteczka wody, która „odchodzi” z układu, natomiast pozostałe części obu cząsteczek łączą się nowym wiązaniem estrowym (–CO–O–), tworząc ester. To pytanie sprawdza rozumienie mechanizmu estryfikacji, a nie tylko umiejętność zapisania gotowego równania."
130,CHEM-P7-C03,chemia,7,Pochodne węglowodorów,Pochodne węglowodorów,C,3,Kwas etanowy vs etanol – wpływ na odczyn,Porównaj kwas etanowy i etanol pod względem wpływu na odczyn roztworu wodnego.,"Kwas etanowy (octowy) w roztworze wodnym częściowo dysocjuje na jony H⁺ i CH3COO⁻, przez co jego wodny roztwór ma odczyn kwasowy, pH < 7. Etanol natomiast nie dysocjuje na jony – nie jest elektrolitem – dlatego jego wodny roztwór ma odczyn obojętny, pH ≈ 7. Choć obie cząsteczki zawierają grupę –OH, decydujące znaczenie ma to, że w kwasie etanowym grupa –COOH może odszczepiać kation H⁺, a w etanolu grupa –OH pozostaje niezdysocjowana. Pytanie sprawdza umiejętność łączenia wiedzy o budowie grup funkcyjnych z wiedzą o dysocjacji i odczynie roztworów."
131,CHEM-P7-D01,chemia,7,Pochodne węglowodorów,Pochodne węglowodorów,D,1,Błąd: glicerol jako alkohol monohydroksylowy,"Kolega mówi: „Glicerol to alkohol monohydroksylowy, bo to tylko jedna substancja”. Oceń.","Kolega popełnia błąd. Glicerol jest alkoholem POLIhydroksylowym (dokładniej trihydroksylowym), ponieważ jego cząsteczka zawiera trzy grupy –OH (wzór: C3H5(OH)3). Błąd kolegi polega na pomyleniu dwóch różnych pojęć: „jedna substancja” (jeden, konkretny związek chemiczny) nie ma nic wspólnego z liczbą grup funkcyjnych –OH w tej pojedynczej cząsteczce. Klasyfikacja alkoholi na mono- i polihydroksylowe zależy wyłącznie od liczby grup –OH w cząsteczce, a nie od tego, czy mówimy o jednej czy o wielu substancjach. Poprawne wyjaśnienie dla kolegi: policz grupy –OH we wzorze – w glicerolu są trzy, więc jest to alkohol trihydroksylowy (polihydroksylowy).",zadanie zawiera błąd
132,CHEM-P7-D02,chemia,7,Pochodne węglowodorów,Pochodne węglowodorów,D,2,Błąd: metanol równie bezpieczny jak etanol,"Koleżanka twierdzi: „Picie metanolu jest równie bezpieczne jak picie niewielkiej ilości etanolu, bo oba to zwykłe alkohole”. Oceń.","Koleżanka popełnia poważny błąd. Metanol i etanol, mimo podobnej budowy chemicznej (oba są alkoholami monohydroksylowymi), mają zupełnie inną toksyczność dla organizmu człowieka. Metanol jest silnie trujący nawet w małych dawkach, ponieważ w organizmie jest przekształcany w formaldehyd, a następnie w kwas mrówkowy – związki te uszkadzają nerw wzrokowy (mogą powodować trwałą ślepotę) i zaburzają równowagę kwasowo-zasadową organizmu, co może prowadzić do śmierci. Etanol jest metabolizowany przez organizm w bezpieczniejszy sposób (choć również jest szkodliwy w nadmiarze). Poprawne wyjaśnienie dla koleżanki: podobieństwo budowy chemicznej dwóch związków nie oznacza podobnej toksyczności – nigdy nie wolno spożywać metanolu, nawet w niewielkich ilościach.",zadanie zawiera błąd
133,CHEM-P8-A01,chemia,8,Substancje chemiczne o znaczeniu biologicznym,Substancje chemiczne o znaczeniu biologicznym,A,1,Tłuszcz jako szczególny ester,"Co łączy tłuszcze z estrami, o których uczyłeś się w poprzedniej partii — dlaczego tłuszcz to szczególny rodzaj estru?","Tłuszcz jest estrem, bo powstaje dokładnie tak samo jak każdy inny ester — w reakcji kondensacji (estryfikacji) alkoholu z kwasem karboksylowym, z wydzieleniem wody i utworzeniem wiązania estrowego. Tłuszcz jest jednak szczególnym, bardziej rozbudowanym estrem, ponieważ zawsze alkoholem jest glicerol (alkohol trójwodorotlenowy, mający trzy grupy -OH), a kwasami są długołańcuchowe kwasy tłuszczowe — dlatego z jedną cząsteczką glicerolu reagują aż trzy cząsteczki kwasu, tworząc jednocześnie trzy wiązania estrowe (tzw. triglicerydy), a nie tylko jedno jak w prostym estrze."
134,CHEM-P8-A02,chemia,8,Substancje chemiczne o znaczeniu biologicznym,Substancje chemiczne o znaczeniu biologicznym,A,2,Denaturacja a koagulacja białka,Na czym polega różnica między denaturacją a koagulacją białka?,"Denaturacja to zmiana przestrzennej budowy cząsteczki białka (rozpad jej drugorzędowej, trzeciorzędowej lub czwartorzędowej struktury) pod wpływem czynników takich jak wysoka temperatura, silne kwasy lub zasady, alkohol czy jony metali ciężkich — w jej wyniku białko traci swoją naturalną funkcję biologiczną. Koagulacja to natomiast widoczny, praktyczny skutek denaturacji — czyli fizyczne wytrącanie się (zbrylanie, ścinanie) białka, które staje się nierozpuszczalne, np. białko jajka twardniejące i bieleje pod wpływem gotowania. Można więc powiedzieć, że koagulacja jest zazwyczaj obserwowalnym efektem denaturacji, a nie odrębnym, niezależnym procesem."
135,CHEM-P8-B01,chemia,8,Substancje chemiczne o znaczeniu biologicznym,Substancje chemiczne o znaczeniu biologicznym,B,1,"Kwas stearynowy i oleinowy – wzory, różnice",Podaj nazwę i wzór kwasu stearynowego (nasyconego) i oleinowego (nienasyconego). Czym różnią się strukturalnie?,"Kwas stearynowy (kwas oktadekanowy) ma wzór C17H35COOH i jest kwasem nasyconym — jego łańcuch węglowy zawiera wyłącznie pojedyncze wiązania C-C. Kwas oleinowy (kwas cis-oktadec-9-enowy) ma wzór C17H33COOH i jest kwasem nienasyconym — w jego łańcuchu węglowym występuje jedno podwójne wiązanie C=C, które powoduje charakterystyczne „załamanie” (zgięcie) łańcucha w tym miejscu. To właśnie obecność wiązania podwójnego w kwasie oleinowym, a jego brak w kwasie stearynowym, jest kluczową różnicą strukturalną — trzeba uważać, żeby nie pomylić, który z nich jest nasycony: nasycony (bez wiązań podwójnych) to stearynowy, a nienasycony (z wiązaniem podwójnym) to oleinowy.","pułapka: pomylenie, który kwas jest nasycony"
136,CHEM-P8-B02,chemia,8,Substancje chemiczne o znaczeniu biologicznym,Substancje chemiczne o znaczeniu biologicznym,B,2,Odróżnianie kwasu oleinowego od palmitynowego,Zaproponuj doświadczenie pozwalające odróżnić kwas oleinowy od palmitynowego.,"Do dwóch osobnych probówek wlewamy niewielkie ilości kwasu oleinowego i kwasu palmitynowego, a następnie do każdej z nich dodajemy kilka kropli wody bromowej i wstrząsamy. Kwas oleinowy, jako związek nienasycony z wiązaniem podwójnym C=C, przereaguje z bromem w reakcji addycji i odbarwi wodę bromową (brązowe zabarwienie zniknie), natomiast kwas palmitynowy, jako związek w pełni nasycony (bez wiązań wielokrotnych), nie wejdzie w reakcję z bromem i zabarwienie wody bromowej pozostanie bez zmian. Kluczowa pułapka: samo porównanie wyglądu, zapachu czy konsystencji obu kwasów nie wystarcza do jednoznacznego rozróżnienia — trzeba odwołać się właśnie do reakcji z wodą bromową, bo to ona bezpośrednio wykrywa obecność wiązania podwójnego charakterystycznego dla kwasów nienasyconych.",pułapka: brak odniesienia do reakcji z wodą bromową
137,CHEM-P8-B03,chemia,8,Substancje chemiczne o znaczeniu biologicznym,Substancje chemiczne o znaczeniu biologicznym,B,3,Tłuszcz jako ester – z czego powstaje,"Wytłumacz, dlaczego tłuszcz jest estrem, wskazując dwa typy związków, z których powstaje.","Tłuszcz jest estrem, ponieważ powstaje w reakcji estryfikacji (kondensacji) dwóch typów związków: alkoholu oraz kwasu karboksylowego, z jednoczesnym wydzieleniem cząsteczek wody i utworzeniem wiązań estrowych -COO-. W przypadku tłuszczów alkoholem jest zawsze glicerol (gliceryna), czyli alkohol trójwodorotlenowy, a kwasami są długołańcuchowe kwasy tłuszczowe (nasycone lub nienasycone). Ponieważ glicerol ma trzy grupy -OH, reaguje jednocześnie z trzema cząsteczkami kwasu tłuszczowego, tworząc trzy wiązania estrowe i wydzielając trzy cząsteczki wody. Pułapka: nie wystarczy powiedzieć ogólnie „alkohol i kwas” — trzeba wyraźnie wskazać, że tym konkretnym alkoholem w tłuszczach jest zawsze gliceryna, a nie dowolny alkohol.","pułapka: pominięcie, że alkoholem jest zawsze gliceryna"
138,CHEM-P8-B04,chemia,8,Substancje chemiczne o znaczeniu biologicznym,Substancje chemiczne o znaczeniu biologicznym,B,4,Kondensacja dwóch cząsteczek glicyny,Zapisz uproszczone równanie reakcji kondensacji dwóch cząsteczek glicyny.,"Uproszczone równanie: H2N-CH2-COOH + H2N-CH2-COOH → H2N-CH2-CO-NH-CH2-COOH + H2O. Grupa karboksylowa (-COOH) jednej cząsteczki glicyny reaguje z grupą aminową (-NH2) drugiej cząsteczki, tworząc wiązanie peptydowe (-CO-NH-) i uwalniając jedną cząsteczkę wody — powstaje w ten sposób dipeptyd (glicyloglicyna). Pułapka: kondensacja to nie jest zwykłe „sklejenie” dwóch cząsteczek bez żadnych zmian — jej istotą jest właśnie utworzenie nowego wiązania z jednoczesnym wydzieleniem drobnej cząsteczki (tu: wody); pominięcie H2O po prawej stronie równania jest błędem, bo bez wydzielenia wody nie mielibyśmy do czynienia z reakcją kondensacji, tylko z jakimś innym, niepoprawnym zapisem.",pułapka: pomylenie kondensacji z prostym łączeniem bez wydzielenia wody
139,CHEM-P8-B05,chemia,8,Substancje chemiczne o znaczeniu biologicznym,Substancje chemiczne o znaczeniu biologicznym,B,5,Pierwiastki w białkach,Wymień pierwiastki wchodzące w skład białek.,"Białka zbudowane są głównie z węgla (C), wodoru (H), tlenu (O) i azotu (N), a dodatkowo bardzo często zawierają też siarkę (S), a w niektórych białkach występuje również fosfor (P). Kluczowa pułapka: nie wolno poprzestać na wymienieniu tylko C, H i O (czyli tych samych pierwiastków, które budują np. cukry czy tłuszcze) — to, co odróżnia białka od innych związków biologicznych, to właśnie obecność azotu (obecnego zawsze, w grupach aminowych) i bardzo często siarki (obecnej np. w niektórych aminokwasach, takich jak cysteina czy metionina); pominięcie azotu i/lub siarki jest błędem, bo to one są charakterystyczne dla białek.",pułapka: pominięcie azotu i/lub siarki
140,CHEM-P8-B06,chemia,8,Substancje chemiczne o znaczeniu biologicznym,Substancje chemiczne o znaczeniu biologicznym,B,6,Białko jaja – ogrzewanie i CuSO4,"Opisz, co stanie się z białkiem jaja kurzego pod wpływem ogrzewania oraz roztworu CuSO4, i nazwij oba procesy.","Pod wpływem ogrzewania białko jaja ulega denaturacji termicznej (potocznie zwanej ścinaniem lub koagulacją cieplną) — traci swoją naturalną strukturę przestrzenną, staje się nierozpuszczalne i widocznie twardnieje oraz bieleje, tak jak przy gotowaniu jajka na twardo. Pod wpływem roztworu siarczanu(VI) miedzi(II) (CuSO4) zachodzi natomiast wytrącanie (denaturacja) białka solami metali ciężkich — jony miedzi trwale niszczą strukturę przestrzenną białka, powodując jego wytrącenie się w postaci nierozpuszczalnego osadu, co jest wykorzystywane np. jako odtrutka przy zatruciach niektórymi solami metali ciężkich. Kluczowa pułapka: mimo że oba procesy w szerokim sensie są rodzajem denaturacji, w odpowiedzi trzeba je nazwać różnymi, bardziej precyzyjnymi terminami — denaturacja termiczna (koagulacja pod wpływem temperatury) w przypadku ogrzewania oraz wytrącanie/denaturacja solami metali ciężkich w przypadku CuSO4 — a nie użyć jednego, identycznego określenia dla obu, bo to zaciera różnicę w przyczynie i mechanizmie każdego z tych procesów.",pułapka: nazwanie obu procesów tym samym terminem
141,CHEM-P8-B07,chemia,8,Substancje chemiczne o znaczeniu biologicznym,Substancje chemiczne o znaczeniu biologicznym,B,7,Pierwiastki w cukrach,Wymień pierwiastki wchodzące w skład cukrów.,"Cukry (węglowodany) zbudowane są wyłącznie z trzech pierwiastków: węgla (C), wodoru (H) i tlenu (O), przy czym w wielu z nich stosunek wodoru do tlenu jest taki sam jak w wodzie (2:1), co zresztą tłumaczy historyczną nazwę „węglowodany”. Kluczowa pułapka: cukry, w odróżnieniu od białek, nie zawierają azotu — dodanie azotu do listy pierwiastków budujących cukry jest błędem, bo azot jest charakterystyczny właśnie dla białek (obecny w grupach aminowych), a nie dla węglowodanów.","pułapka: dodanie azotu, którego cukry nie zawierają"
142,CHEM-P8-B08,chemia,8,Substancje chemiczne o znaczeniu biologicznym,Substancje chemiczne o znaczeniu biologicznym,B,8,Wykrywanie skrobi jodyną,Jak za pomocą jodyny wykryjesz obecność skrobi w produkcie? Jaką zmianę koloru zaobserwujesz?,"Aby wykryć obecność skrobi, na badany produkt (np. kawałek chleba, ziemniaka lub inną próbkę) nanosimy kilka kropel jodyny (roztworu jodu, np. płynu Lugola). Jeśli w produkcie znajduje się skrobia, jej cząsteczki tworzą z jodem charakterystyczny kompleks i pojawia się intensywne granatowo-fioletowe (ciemnoniebieskie, prawie czarne) zabarwienie w miejscu kontaktu z jodyną; brak takiej zmiany koloru oznacza, że skrobi w próbce nie ma. Kluczowa pułapka: kolor tej reakcji nie jest po prostu „niebieski” — trzeba dokładnie określić go jako granatowo-fioletowy (czasem opisywany jako granatowoczarny), bo samo słowo „niebieski” jest zbyt ogólne i często uznawane za niepełną odpowiedź.","pułapka: pomylenie koloru — powinno być granatowo-fioletowe, nie po prostu niebieskie"
143,CHEM-P8-C01,chemia,8,Substancje chemiczne o znaczeniu biologicznym,Substancje chemiczne o znaczeniu biologicznym,C,1,Kwas palmitynowy vs oleinowy – woda bromowa,"Zanim ocenisz dokładnie, oszacuj „na oko”, który kwas — palmitynowy czy oleinowy — odbarwi wodę bromową, opierając się na analogii z Partii 6. Uzasadnij.","Na pierwszy rzut oka, przez analogię do węglowodorów z Partii 6 (gdzie alkeny, mające wiązanie podwójne, odbarwiają wodę bromową w reakcji addycji, a alkany, w pełni nasycone, tego nie robią), można od razu wskazać kwas oleinowy jako ten, który odbarwi wodę bromową. Uzasadnienie: kwas oleinowy jest kwasem nienasyconym — zawiera w swoim łańcuchu węglowym jedno wiązanie podwójne C=C, dokładnie tak jak alken, więc podobnie jak alken ulega reakcji addycji bromu i odbarwia wodę bromową. Kwas palmitynowy natomiast jest w pełni nasycony (ma wyłącznie pojedyncze wiązania C-C), więc zachowuje się jak alkan — nie reaguje z bromem i nie odbarwia wody bromowej. Ta analogia (nienasycenie = zdolność do reakcji addycji z bromem) jest kluczem do przewidzenia wyniku bez konieczności przeprowadzania doświadczenia."
144,CHEM-P8-C02,chemia,8,Substancje chemiczne o znaczeniu biologicznym,Substancje chemiczne o znaczeniu biologicznym,C,2,Powstawanie tłuszczu z glicerolu i kwasów tłuszczowych,"Wytłumacz krok po kroku, jak z glicerolu i trzech cząsteczek kwasu tłuszczowego powstaje cząsteczka tłuszczu i jaki produkt uboczny przy tym powstaje.","Krok pierwszy: glicerol (gliceryna) to alkohol trójwodorotlenowy, posiadający trzy grupy -OH, a każda z nich może osobno przereagować z grupą -COOH kwasu tłuszczowego. Krok drugi: pierwsza grupa -OH glicerolu reaguje z grupą -COOH pierwszej cząsteczki kwasu tłuszczowego w reakcji estryfikacji (kondensacji), tworząc jedno wiązanie estrowe -COO- i wydzielając jedną cząsteczkę wody. Krok trzeci: dokładnie to samo dzieje się kolejno z drugą i trzecią grupą -OH glicerolu oraz kolejnymi dwiema cząsteczkami kwasu tłuszczowego (tym samym lub różnymi kwasami), aż wszystkie trzy grupy -OH zostaną zestryfikowane. W efekcie powstaje jedna cząsteczka tłuszczu (triglicerydu), w którym trzy reszty kwasów tłuszczowych są połączone z cząsteczką glicerolu trzema wiązaniami estrowymi, a produktem ubocznym całej reakcji są łącznie trzy cząsteczki wody (po jednej z każdego etapu estryfikacji)."
145,CHEM-P8-C03,chemia,8,Substancje chemiczne o znaczeniu biologicznym,Substancje chemiczne o znaczeniu biologicznym,C,3,Skład pierwiastkowy białek i cukrów,"Porównaj skład pierwiastkowy białek i cukrów — co je różni, a co łączy?","Cechą wspólną białek i cukrów jest to, że obie te grupy związków zawierają w swojej budowie węgiel (C), wodór (H) i tlen (O) — to podstawowe pierwiastki wspólne dla całej chemii organicznej związków biologicznych. Różnica polega na tym, że białka, oprócz C, H i O, zawierają dodatkowo zawsze azot (N), obecny w charakterystycznych dla aminokwasów grupach aminowych, a bardzo często również siarkę (S), a czasem fosfor (P) — natomiast cukry (węglowodany) zbudowane są wyłącznie z C, H i O i nigdy nie zawierają azotu ani siarki. Ta różnica w składzie pierwiastkowym ma praktyczne znaczenie, bo to właśnie obecność azotu pozwala odróżnić związki białkowe od węglowodanów już na poziomie analizy składu chemicznego."
146,CHEM-P8-C04,chemia,8,Substancje chemiczne o znaczeniu biologicznym,Substancje chemiczne o znaczeniu biologicznym,C,4,Odwracalność denaturacji i reakcji jodu ze skrobią,"Wytłumacz, czym różnią się denaturacja białka pod wpływem temperatury i reakcja jodu ze skrobią pod względem odwracalności zmiany.","Denaturacja białka pod wpływem wysokiej temperatury jest w praktyce procesem nieodwracalnym — gdy struktura przestrzenna białka raz się rozpadnie (np. białko jajka ścina się podczas gotowania), nie da się jej przywrócić do stanu pierwotnego przez samo ponowne ochłodzenie, dlatego ugotowanego jajka nie da się „cofnąć” do postaci surowej. Reakcja jodu ze skrobią jest natomiast procesem odwracalnym pod względem samego zabarwienia — granatowo-fioletowy kompleks skrobiowo-jodowy zanika po ogrzaniu roztworu (kolor znika), a po ponownym ochłodzeniu zabarwienie może się znowu pojawić, ponieważ jest to głównie efekt fizycznego, nietrwałego związania cząsteczek jodu wewnątrz spiralnej struktury skrobi, a nie trwała przemiana chemiczna skrobi. Różnica jest więc zasadnicza: denaturacja termiczna białka to trwała, praktycznie nieodwracalna zmiana strukturalna, a odbarwienie kompleksu skrobia-jod pod wpływem temperatury to zjawisko odwracalne."
147,CHEM-P8-D01,chemia,8,Substancje chemiczne o znaczeniu biologicznym,Substancje chemiczne o znaczeniu biologicznym,D,1,Błąd: skrobia i celuloza jako niepowiązane,"Kolega mówi: „Skrobia i celuloza to zupełnie różne substancje, więc nie mają ze sobą nic wspólnego chemicznie”. Oceń.","To zdanie zawiera błąd. Skrobia i celuloza to obie węglowodany złożone (polisacharydy), zbudowane z bardzo wielu połączonych ze sobą jednostek tej samej cząsteczki cukru prostego — glukozy — więc na poziomie budowanego materiału są sobie bardzo bliskie chemicznie, a nie „zupełnie różne”. To, co je różni, to sposób połączenia tych jednostek glukozy ze sobą: w skrobi cząsteczki glukozy połączone są wiązaniami α-glikozydowymi, co daje strukturę bardziej rozgałęzioną lub spiralną, natomiast w celulozie cząsteczki glukozy połączone są wiązaniami β-glikozydowymi, co daje długie, proste, nierozgałęzione łańcuchy, tworzące włókna. Ta różnica w rodzaju wiązania — mimo tej samej jednostki budulcowej — decyduje o zupełnie innych właściwościach obu substancji, np. o tym, że skrobia jest strawna dla człowieka, a celuloza nie. Żeby wytłumaczyć to koledze: obie substancje są chemicznie spokrewnione (ten sam budulec — glukoza), różni je tylko sposób połączenia jednostek, a nie sam skład.",zadanie zawiera błąd
148,CHEM-P8-D02,chemia,8,Substancje chemiczne o znaczeniu biologicznym,Substancje chemiczne o znaczeniu biologicznym,D,2,Błąd: odwracalność denaturacji białka jajka,"Koleżanka twierdzi: „Ugotowane jajko można łatwo cofnąć do stanu surowego, bo denaturacja białka to proces odwracalny, tak jak topnienie i zamarzanie wody”. Oceń.","To zdanie zawiera błąd. Denaturacja termiczna białka jajka pod wpływem gotowania jest w praktyce procesem nieodwracalnym — struktura przestrzenna cząsteczek białka ulega trwałemu rozpadowi i białko wiąże się w nową, nierozpuszczalną formę (ścięte, stałe białko jajka na twardo), której nie da się przywrócić z powrotem do stanu surowego przez samo ochłodzenie. To zupełnie inna sytuacja niż topnienie i zamarzanie wody, które są odwracalną przemianą fizyczną (zmianą stanu skupienia tej samej substancji, bez zrywania i tworzenia nowych wiązań chemicznych wewnątrz cząsteczek) — wodę można dowolnie wielokrotnie zamrażać i topić, odzyskując dokładnie tę samą substancję o tych samych właściwościach. Żeby wytłumaczyć to koleżance: analogia do topnienia/zamarzania wody jest błędna, bo denaturacja białka wiąże się z trwałym, praktycznie nieodwracalnym zniszczeniem jego struktury, a nie z prostą, odwracalną zmianą stanu skupienia.",zadanie zawiera błąd
