id,kod_pytania,partia_numer,partia_tytul,zagadnienie,wariant,numer_pytania,pytanie_skrot,pytanie,odpowiedz_wzorcowa,notatka,ma_odpowiedz,zrodlo_plik
1,WYM-A01,1,Wymagania przekrojowe,Wymagania przekrojowe,A,1,"Po co w ogóle zapisujemy wynik pomiaru razem z niepewnością pomiarową, a…","Po co w ogóle zapisujemy wynik pomiaru razem z niepewnością pomiarową, a nie samą liczbą? Wytłumacz to tak, jakbyś tłumaczył komuś, kto nigdy nie robił pomiarów.","Żaden pomiar nie jest idealnie dokładny — zawsze ogranicza nas dokładność przyrządu i sposób odczytu, więc prawdziwa wartość mierzonej wielkości może różnić się od tego, co odczytaliśmy. Podając samą liczbę, np. „14,3 cm”, sugerujemy, że znamy wynik co do milimetra bez żadnych wątpliwości, co jest nieprawdą. Zapisując wynik z niepewnością, np. (14,3 ± 0,1) cm, mówimy uczciwie: „rzeczywista długość mieści się gdzieś w przedziale od 14,2 do 14,4 cm”. Dzięki temu każda inna osoba wie, jak bardzo może ufać naszemu wynikowi i czy różnice między dwoma pomiarami są realne, czy mieszczą się w granicach błędu.",,TAK,odpowiedzi-fizyka-wymagania-przekrojowe.csv
2,WYM-A02,1,Wymagania przekrojowe,Wymagania przekrojowe,A,2,Czym różni się „zaokrąglanie wyniku” od „zgadywania wyniku”? Dlaczego w…,Czym różni się „zaokrąglanie wyniku” od „zgadywania wyniku”? Dlaczego w fizyce nie podajemy dowolnie dużo cyfr po przecinku?,"Zaokrąglanie polega na obcięciu wyniku do tylu cyfr, ile faktycznie jesteśmy w stanie sensownie zmierzyć lub obliczyć — liczba cyfr wynika z dokładności przyrządu i przeprowadzonych obliczeń. Zgadywanie to dopisywanie kolejnych cyfr, których przyrząd ani metoda pomiaru w ogóle nie są w stanie dostarczyć — to pozorna, fikcyjna precyzja. Dlatego w fizyce nie podajemy dowolnie wielu cyfr po przecinku: jeśli np. linijka ma podziałkę co 1 mm, nie możemy nagle podać długości z dokładnością do 0,001 mm, bo to sugerowałoby dokładność, której nasz pomiar naprawdę nie posiada.",,TAK,odpowiedzi-fizyka-wymagania-przekrojowe.csv
3,WYM-B01,1,Wymagania przekrojowe,Wymagania przekrojowe,B,1,Masz wykres zależności jakiejś wielkości od czasu: linia najpierw rośnie…,"Masz wykres zależności jakiejś wielkości od czasu: linia najpierw rośnie, potem jest pozioma. Opisz słowami, co dzieje się z tą wielkością w obu fragmentach, bez odczytywania konkretnych liczb.","W pierwszym fragmencie wielkość rośnie wraz z upływem czasu — im dalej w prawo na wykresie, tym większa jej wartość. W drugim fragmencie linia jest pozioma, co oznacza, że wielkość przestaje się zmieniać i pozostaje stała na pewnym poziomie — NIE oznacza to, że jej wartość spadła do zera ani że coś zniknęło, tylko że ustabilizowała się i już nie rośnie ani nie maleje. Miejsce, w którym najczęściej pojawia się błąd: mylenie „linii poziomej” z „brakiem wielkości” lub „zerem” — w rzeczywistości pozioma linia mówi o braku ZMIANY (szybkość zmian spadła do zera), a nie o braku samej wielkości, która nadal ma swoją, niezerową (o ile wykres jej nie dotyka) wartość.",pułapka: mylenie wartości wielkości z szybkością jej zmiany,TAK,odpowiedzi-fizyka-wymagania-przekrojowe.csv
4,WYM-B02,1,Wymagania przekrojowe,Wymagania przekrojowe,B,2,"Kolega mówi: „Zauważyłem, że łyżka w gorącej herbacie robi się ciepła”…","Kolega mówi: „Zauważyłem, że łyżka w gorącej herbacie robi się ciepła”. Nazwij to zjawisko i wskaż jeden czynnik istotny i jeden nieistotny (np. kolor łyżki).","To zjawisko przewodzenia ciepła — ciepło przepływa od gorącej herbaty (ciała o wyższej temperaturze) do łyżki (ciała o niższej temperaturze) poprzez bezpośredni kontakt. Czynnik istotny: materiał, z którego wykonana jest łyżka — np. metal przewodzi ciepło bardzo dobrze, więc szybko się nagrzewa, a drewno czy plastik przewodzą je słabo, więc nagrzewają się wolniej. Czynnik nieistotny: kolor łyżki — kolor wpływa np. na pochłanianie światła, ale nie ma żadnego wpływu na przewodnictwo cieplne materiału. Pułapka: wskazywanie jako „istotnych” cech niezwiązanych z mechanizmem przewodzenia ciepła, takich jak kolor, kształt ozdobny czy marka łyżki.",pułapka: wskazywanie czynników niezwiązanych z fizyką zjawiska (np. kolor),TAK,odpowiedzi-fizyka-wymagania-przekrojowe.csv
5,WYM-B03,1,Wymagania przekrojowe,Wymagania przekrojowe,B,3,Dostajesz opis: „zmierz czas spadania kulki z trzech różnych wysokości”…,"Dostajesz opis: „zmierz czas spadania kulki z trzech różnych wysokości”. Jakie dane musisz zapisać, żeby ktoś inny mógł powtórzyć pomiar?","Żeby ktoś inny mógł wiernie powtórzyć ten pomiar, trzeba zapisać: (1) dokładne wartości trzech wysokości z jednostką i informacją, jak były mierzone; (2) opis kulki (rodzaj materiału, masę, rozmiar) — różne kulki mogą inaczej reagować na opór powietrza; (3) sposób pomiaru czasu (np. rodzaj stopera i jego dokładność); (4) warunki początkowe — czy kulka była puszczana swobodnie, bez prędkości początkowej, oraz od jakiego dokładnie punktu mierzono wysokość (np. od dolnej krawędzi kulki do podłoża); (5) liczbę powtórzeń pomiaru dla każdej wysokości i uzyskane czasy. Pułapka: pominięcie warunków początkowych — bez informacji, że kulka startowała z prędkością zerową, i bez jasno określonego punktu odniesienia wysokości, nikt inny nie odtworzy dokładnie tego samego doświadczenia.",pułapka: pomijanie warunków początkowych,TAK,odpowiedzi-fizyka-wymagania-przekrojowe.csv
6,WYM-B04,1,Wymagania przekrojowe,Wymagania przekrojowe,B,4,"Wymień krok po kroku, jak zbadałbyś, czy woda przewodzi prąd, i jaką rolę…","Wymień krok po kroku, jak zbadałbyś, czy woda przewodzi prąd, i jaką rolę pełni w tym żarówka.","1) Buduję obwód elektryczny: źródło napięcia (np. bateria) połączone przewodami szeregowo z żarówką, z przerwą w obwodzie, do której podłączam dwie elektrody (np. metalowe druciki). 2) Zanurzam oba końce elektrod w naczyniu z wodą, upewniając się, że się ze sobą bezpośrednio nie stykają. 3) Obserwuję, czy żarówka się zaświeci. 4) Jeśli żarówka świeci, oznacza to, że w obwodzie płynie prąd, czyli woda w tych warunkach przewodzi prąd; jeśli nie świeci, obwód jest przerwany i przepływ prądu jest znikomy lub żaden. Żarówka pełni tu rolę wskaźnika (miernika) — sama nie „bada” wody, tylko sygnalizuje świeceniem, czy przez obwód (którego częścią jest woda) płynie prąd. Pułapka: pominięcie, że to właśnie świecenie żarówki, a nie sama woda, jest dowodem obserwacyjnym — żarówka nie jest badanym obiektem, lecz narzędziem wskazującym wynik.",pułapka: pomijanie roli przyrządu jako wskaźnika,TAK,odpowiedzi-fizyka-wymagania-przekrojowe.csv
7,WYM-B05,1,Wymagania przekrojowe,Wymagania przekrojowe,B,5,"Zmierzyłeś długość ołówka linijką z podziałką co 1 mm — 14,3 cm. Zapisz…","Zmierzyłeś długość ołówka linijką z podziałką co 1 mm — 14,3 cm. Zapisz wynik z niepewnością i wyjaśnij jej pochodzenie.","Wynik zapisujemy jako (14,3 ± 0,1) cm. Niepewność pochodzi z dokładności przyrządu: skoro najmniejsza działka linijki wynosi 1 mm (0,1 cm), to przy odczycie nie jesteśmy w stanie rozróżnić wartości mniejszych niż ta działka — dlatego przyjmujemy niepewność równą jednej najmniejszej działce, czyli 0,1 cm (w bardziej precyzyjnym podejściu bywa to połowa działki, czyli 0,05 cm — kluczowe jest, by nie była ona mniejsza od dokładności przyrządu). Pułapka: podanie niepewności bez jednostki (np. samo „±1” zamiast „±0,1 cm”) albo podanie niepewności mniejszej niż dokładność przyrządu (np. ±0,01 cm przy linijce z podziałką 1 mm) — sugerowałoby to fałszywą precyzję, której przyrząd faktycznie nie zapewnia.",pułapka: brak jednostki niepewności / niepewność większa niż dokładność przyrządu,TAK,odpowiedzi-fizyka-wymagania-przekrojowe.csv
8,WYM-B06,1,Wymagania przekrojowe,Wymagania przekrojowe,B,6,"Wynik obliczenia to 7,346 — podaj go z dokładnością do dwóch cyfr…","Wynik obliczenia to 7,346 — podaj go z dokładnością do dwóch cyfr znaczących.","Cyframi znaczącymi w liczbie 7,346 są kolejno: 7, 3, 4, 6 — licząc od pierwszej niezerowej cyfry, niezależnie od miejsca przecinka. Dwie pierwsze cyfry znaczące to „7” i „3”, a o zaokrągleniu decyduje kolejna cyfra, czyli „4”. Ponieważ 4 < 5, zaokrąglamy w dół, więc wynik z dokładnością do dwóch cyfr znaczących to 7,3. Pułapka: mylenie „dwóch cyfr znaczących” z „dwoma miejscami po przecinku” (co błędnie dałoby 7,35) — cyfry znaczące liczy się od pierwszej niezerowej cyfry liczby, a nie od przecinka. Druga typowa pułapka to niepewność co do progu „5” przy zaokrąglaniu, choć akurat w tym przykładzie odrzucana cyfra to 4, więc próg ten nie jest tu testowany.",pułapka: mylenie miejsc po przecinku z cyframi znaczącymi; próg zaokrąglania,TAK,odpowiedzi-fizyka-wymagania-przekrojowe.csv
9,WYM-B07,1,Wymagania przekrojowe,Wymagania przekrojowe,B,7,"Przelicz 2,5 km na metry oraz 350 mg na kilogramy.","Przelicz 2,5 km na metry oraz 350 mg na kilogramy.","2,5 km = 2,5 × 1000 m = 2500 m — ponieważ 1 km = 1000 m, a przechodzimy z jednostki większej (km) na mniejszą (m), więc wartość liczbową mnożymy przez przelicznik. 350 mg = 350 : 1 000 000 kg = 0,00035 kg — ponieważ 1 kg = 1000 g = 1 000 000 mg, a przechodzimy z jednostki mniejszej (mg) na większą (kg), więc wartość liczbową dzielimy przez przelicznik. Pułapka: pomylenie kierunku przeliczenia — przy przejściu z jednostki większej na mniejszą mnożymy (liczba rośnie), a z mniejszej na większą dzielimy (liczba maleje); częsty błąd to podzielenie zamiast pomnożenia przy km→m (błędne 0,0025 m) albo pomnożenie zamiast podzielenia przy mg→kg (błędne 350 000 kg).",pułapka: mylenie kierunku przeliczenia przy przedrostkach,TAK,odpowiedzi-fizyka-wymagania-przekrojowe.csv
10,WYM-B08,1,Wymagania przekrojowe,Wymagania przekrojowe,B,8,"Masz wykres — linia prosta przechodząca przez (0,0). Czy to zawsze…","Masz wykres — linia prosta przechodząca przez (0,0). Czy to zawsze proporcjonalność prosta? A jeśli prosta nie przechodzi przez zero?","Tak — linia prosta przechodząca przez punkt (0,0) to właśnie graficzny obraz proporcjonalności prostej: wartość y rośnie wprost proporcjonalnie do x, zgodnie ze wzorem y = a·x. Jeżeli natomiast prosta NIE przechodzi przez punkt (0,0) — np. przecina oś Y w innym miejscu — to mimo że wykres nadal jest linią prostą, zależność nie jest proporcjonalnością prostą, tylko ogólną zależnością liniową postaci y = a·x + b, gdzie b ≠ 0. Pułapka: nazywanie proporcjonalnością prostą każdej linii prostej na wykresie — warunkiem koniecznym proporcjonalności jest właśnie przechodzenie przez początek układu współrzędnych.",pułapka: nazywanie proporcjonalnością każdej linii prostej,TAK,odpowiedzi-fizyka-wymagania-przekrojowe.csv
11,WYM-B09,1,Wymagania przekrojowe,Wymagania przekrojowe,B,9,Podaj dwie konkretne zasady bezpieczeństwa przy doświadczeniu z użyciem…,Podaj dwie konkretne zasady bezpieczeństwa przy doświadczeniu z użyciem źródła napięcia i żarówki.,"1) Nie wolno dotykać gołymi ani mokrymi rękami odsłoniętych końcówek przewodów i zacisków znajdujących się pod napięciem — grozi to porażeniem prądem. 2) Przed jakąkolwiek zmianą połączeń w obwodzie (np. wymianą żarówki, przełożeniem przewodu) należy najpierw odłączyć źródło napięcia, żeby nie doszło do zwarcia obwodu ani przypadkowego dotknięcia elementu będącego pod napięciem. Pułapka: podanie ogólnikowej odpowiedzi typu „trzeba uważać” bez wskazania konkretnego zagrożenia i konkretnego działania, które temu zagrożeniu zapobiega.",pułapka: ogólnikowe „uważać” zamiast konkretów,TAK,odpowiedzi-fizyka-wymagania-przekrojowe.csv
12,WYM-C01,1,Wymagania przekrojowe,Wymagania przekrojowe,C,1,"Masz tabelę czasów spadania kulki z 5 wysokości. Oszacuj „na oko”, czy…","Masz tabelę czasów spadania kulki z 5 wysokości. Oszacuj „na oko”, czy zależność wygląda na proporcjonalną prostą, zanim policzysz dokładnie.","Żeby oszacować to „na oko”, sprawdzam, czy stosunek czasu do wysokości (t/h) jest w przybliżeniu taki sam dla wszystkich par danych z tabeli — gdyby tak było, zależność wyglądałaby na proporcjonalną. Fizycznie jednak czas spadania NIE jest proporcjonalny do wysokości (zależność jest bliższa h ~ t², a nie h ~ t), więc spodziewam się, że przy np. czterokrotnym wzroście wysokości czas wzrośnie wyraźnie mniej niż czterokrotnie (o czynnik bliski dwa, bo pierwiastek z czterech). Dobre oszacowanie „na oko” polega więc na porównaniu par wartości: jeśli wysokość rośnie dużo szybciej niż czas, to jest to sygnał, że zależność NIE jest proporcjonalnością prostą, tylko czymś innym (np. h~t²) — dopiero dokładne obliczenie (np. sprawdzenie stałości stosunku h/t²) to jednoznacznie potwierdzi.",,TAK,odpowiedzi-fizyka-wymagania-przekrojowe.csv
13,WYM-C02,1,Wymagania przekrojowe,Wymagania przekrojowe,C,2,"Zmierzyłeś czas 10 wahnięć wahadła stoperem z dokładnością 0,1 s i chcesz…","Zmierzyłeś czas 10 wahnięć wahadła stoperem z dokładnością 0,1 s i chcesz podać czas jednego wahnięcia. Połącz przeliczenie jednostek, zapis niepewności i zaokrąglenie wyniku.","Przykładowo zmierzony czas 10 wahnięć wynosi T₁₀ = (12,4 ± 0,1) s. Aby otrzymać czas jednego wahnięcia, dzielę tę wartość przez liczbę wahnięć: T = T₁₀ / 10 = 12,4 s : 10 = 1,24 s. Niepewność dzielę przez tę samą liczbę wahnięć: 0,1 s : 10 = 0,01 s. Ostateczny wynik zapisuję więc jako T = (1,24 ± 0,01) s — liczba cyfr podana w wyniku jest zgodna z rzędem wielkości niepewności (setne części sekundy), więc nie zaokrąglam dalej ani nie dopisuję kolejnych, nieuzasadnionych cyfr. To zadanie sprawdza jednocześnie trzy umiejętności: poprawne przeliczenie wyniku pomiaru zbiorczego na wynik jednostkowy (dzielenie przez liczbę powtórzeń), poprawne przeniesienie (przeskalowanie) niepewności przy tym samym dzieleniu oraz dopasowanie liczby cyfr znaczących końcowego wyniku do rzędu wielkości otrzymanej niepewności.",,TAK,odpowiedzi-fizyka-wymagania-przekrojowe.csv
14,WYM-C03,1,Wymagania przekrojowe,Wymagania przekrojowe,C,3,"Opisz plan doświadczenia (z zasadami bezpieczeństwa) sprawdzającego, który…","Opisz plan doświadczenia (z zasadami bezpieczeństwa) sprawdzającego, który z dwóch materiałów lepiej przewodzi ciepło — uwzględnij formę prezentacji wyniku (tabela czy wykres) i uzasadnij wybór.","Plan: biorę dwa pręty (lub płytki) o jednakowym kształcie i grubości, wykonane z różnych materiałów (np. metalu i drewna) — to zapewnia, że porównuję wyłącznie wpływ materiału, a nie kształtu. Jeden koniec każdego z nich umieszczam w tych samych warunkach w źródle ciepła (np. w naczyniu z gorącą wodą o tej samej temperaturze), a na drugim końcu przyklejam np. kawałek wosku lub umieszczam czujnik temperatury i mierzę czas, po jakim wosk się stopi albo temperatura wzrośnie o ustaloną wartość. Materiał, dla którego efekt pojawi się szybciej, przewodzi ciepło lepiej. Zasady bezpieczeństwa: nie dotykać gołymi rękami nagrzewających się końców prętów (ryzyko poparzenia) oraz zachować ostrożność przy samym źródle ciepła (nie zostawiać go bez nadzoru, trzymać z dala od materiałów łatwopalnych). Wynik najlepiej przedstawić w formie tabeli (materiał — czas do stopienia wosku / do wzrostu temperatury o daną wartość), bo porównuję tu tylko dwie pojedyncze wartości końcowe dla dwóch materiałów; gdybym natomiast rejestrował temperaturę w wielu kolejnych momentach czasu dla obu materiałów, lepszym wyborem byłby wykres temperatury od czasu z dwiema krzywymi, bo pokazuje on cały przebieg zmian, a nie tylko wynik końcowy. To pytanie sprawdza łącznie: planowanie doświadczenia porównawczego z kontrolowaniem zmiennych (jednakowy kształt i grubość), stosowanie konkretnych zasad bezpieczeństwa oraz świadomy dobór formy prezentacji danych do charakteru zebranych wyników.",,TAK,odpowiedzi-fizyka-wymagania-przekrojowe.csv
15,WYM-D01,1,Wymagania przekrojowe,Wymagania przekrojowe,D,1,Kolega zapisał wynik pomiaru temperatury jako „23 stopnie”. Czy to…,Kolega zapisał wynik pomiaru temperatury jako „23 stopnie”. Czy to poprawny zapis?,"Nie, to zapis niepoprawny. Po pierwsze, jednostka „stopnie” jest nieprecyzyjna — istnieje kilka skal temperatury (Celsjusza, Fahrenheita, Kelvina), więc trzeba podać konkretnie, o którą chodzi, np. °C. Po drugie, brakuje niepewności pomiaru — sama liczba „23” bez podanego zakresu niepewności nie mówi nic o tym, jak dokładny był pomiar. Poprawny zapis powinien wyglądać np. tak: (23,0 ± 0,5) °C. Żeby wytłumaczyć to koledze: zawsze trzeba podać zarówno precyzyjną jednostkę, jak i przedział niepewności wynikający z dokładności użytego termometru.",zadanie zawiera błąd — brak jednostki i niepewności,TAK,odpowiedzi-fizyka-wymagania-przekrojowe.csv
16,WYM-D02,1,Wymagania przekrojowe,Wymagania przekrojowe,D,2,"Koleżanka: „Na wykresie linia jest prosta, więc to proporcjonalność…","Koleżanka: „Na wykresie linia jest prosta, więc to proporcjonalność prosta” — prosta przecina oś Y w punkcie (0,5).","Tak, to błędne rozumowanie. Sama „prostość” linii na wykresie nie wystarcza, by mówić o proporcjonalności prostej — warunkiem koniecznym jest to, żeby prosta przechodziła przez punkt (0,0), czyli początek układu współrzędnych. Skoro ta prosta przecina oś Y w punkcie (0,5), a nie w (0,0), to mamy do czynienia z ogólną zależnością liniową postaci y = a·x + b (tu b = 5), a NIE z proporcjonalnością prostą. Żeby wytłumaczyć to koleżance: w proporcjonalności prostej przy x = 0 musi też wyjść y = 0 (np. brak czasu = brak przebytej drogi) — tutaj jednak przy x = 0 wartość y wynosi 5, więc zależność nie „zeruje się” razem z x, co wyklucza proporcjonalność prostą.",zadanie zawiera błąd — prosta nie przechodzi przez zero,TAK,odpowiedzi-fizyka-wymagania-przekrojowe.csv
17,RUC-A01,2,Ruch i siły,Ruch i siły,A,1,"Na czym polega względność ruchu? Podaj przykład, w którym ten sam obiekt…","Na czym polega względność ruchu? Podaj przykład, w którym ten sam obiekt jest jednocześnie „poruszający się"" i „nieruchomy"", zależnie od obserwatora.","Względność ruchu polega na tym, że to, czy ciało jest w spoczynku, czy się porusza (i z jaką prędkością), zależy od wybranego układu odniesienia - nie jest to cecha absolutna ciała. Przykład: pasażer siedzący w jadącym pociągu jest nieruchomy względem innego pasażera i wnętrza wagonu, ale porusza się względem osoby stojącej na peronie. Ten sam obiekt może więc być jednocześnie „poruszający się"" i „nieruchomy"" - różnica wynika wyłącznie z punktu odniesienia obserwatora, a nie z samego ruchu ciała.",,TAK,odpowiedzi-fizyka-ruch-i-sily.csv
18,RUC-A02,2,Ruch i siły,Ruch i siły,A,2,Czym siła różni się od prędkości na poziomie idei? Dlaczego do pełnego…,Czym siła różni się od prędkości na poziomie idei? Dlaczego do pełnego opisu siły nie wystarczy sama liczba?,"Prędkość opisuje, jak szybko i w jakim kierunku zmienia się położenie ciała - to wielkość kinematyczna, mówiąca „co się dzieje"" z ruchem. Siła natomiast jest przyczyną zmiany ruchu (przyspieszenia) - to oddziaływanie jednego ciała na drugie. Sama liczba (wartość siły) nie wystarcza do jej pełnego opisu, ponieważ siła jest wielkością wektorową: trzeba podać także kierunek i zwrot działania oraz ciało, na które działa - bez tego nie wiadomo, jak wpłynie ona na ruch.",,TAK,odpowiedzi-fizyka-ruch-i-sily.csv
19,RUC-B01,2,Ruch i siły,Ruch i siły,B,1,"Siedzisz w jadącym pociągu, patrzysz na sąsiada. Czy porusza się względem…","Siedzisz w jadącym pociągu, patrzysz na sąsiada. Czy porusza się względem Ciebie? A względem osoby na peronie?","Względem Ciebie sąsiad jest nieruchomy - oboje poruszacie się razem z pociągiem z tą samą prędkością, więc odległość między wami się nie zmienia. Względem osoby stojącej na peronie sąsiad porusza się - i to z prędkością równą prędkości pociągu. Pułapka polega na tym, że nie można odpowiedzieć „porusza się"" lub „nie porusza się"" bez wskazania układu odniesienia, bo ruch jest pojęciem względnym.",pułapka: brak podania układu odniesienia,TAK,odpowiedzi-fizyka-ruch-i-sily.csv
20,RUC-B02,2,Ruch i siły,Ruch i siły,B,2,"Piłka rzucona pod kątem wraca do ziemi 10 m od miejsca rzutu, po torze 14…","Piłka rzucona pod kątem wraca do ziemi 10 m od miejsca rzutu, po torze 14 m. Podaj drogę i przemieszczenie.","Droga to długość całej pokonanej trasy, czyli tutaj 14 m (długość krzywoliniowego toru lotu piłki). Przemieszczenie to odległość w linii prostej między punktem początkowym a końcowym, czyli 10 m (bo piłka wylądowała 10 m od miejsca rzutu). Pułapka: droga jest zawsze co najmniej tak duża jak przemieszczenie, a tu wyraźnie widać różnicę, bo tor ruchu jest zakrzywiony (dłuższy niż odcinek prosty łączący start i metę).",pułapka: mylenie drogi z przemieszczeniem,TAK,odpowiedzi-fizyka-ruch-i-sily.csv
21,RUC-B03,2,Ruch i siły,Ruch i siły,B,3,Zamień 2 h 15 min na sekundy.,Zamień 2 h 15 min na sekundy.,"2 h = 2 × 3600 s = 7200 s. 15 min = 15 × 60 s = 900 s. Razem: 7200 s + 900 s = 8100 s. Pułapka polega na tym, żeby przeliczyć na sekundy zarówno pełne godziny, jak i dodatkowe minuty osobno, a dopiero potem je zsumować - pominięcie minut lub przeliczenie tylko godzin da błędny wynik.",pułapka: pominięcie przeliczenia niepełnej jednostki,TAK,odpowiedzi-fizyka-ruch-i-sily.csv
22,RUC-B04,2,Ruch i siły,Ruch i siły,B,4,Rowerzysta przejechał 15 km w 45 min. Oblicz prędkość w km/h i m/s.,Rowerzysta przejechał 15 km w 45 min. Oblicz prędkość w km/h i m/s.,"Najpierw zamieniamy czas na godziny: 45 min = 0,75 h. Prędkość: v = s/t = 15 km / 0,75 h = 20 km/h. Zamiana na m/s: 20 km/h = 20 000 m / 3600 s ≈ 5,56 m/s (czyli dzielimy wartość w km/h przez 3,6). Pułapka: nie wolno dzielić 15 km przez „45"" tak jakby to były godziny - trzeba najpierw zamienić minuty na godziny (lub godziny na minuty konsekwentnie), a przy przejściu km/h→m/s używać współczynnika 1000/3600 = 1/3,6, a nie mnożyć/dzielić przez same 1000 lub 3600 osobno.",pułapka: zamiana jednostek czasu i prędkości,TAK,odpowiedzi-fizyka-ruch-i-sily.csv
23,RUC-B05,2,Ruch i siły,Ruch i siły,B,5,"Wytłumacz, dlaczego ruch ze stałą drogą w każdej sekundzie nazywamy…","Wytłumacz, dlaczego ruch ze stałą drogą w każdej sekundzie nazywamy jednostajnym, i podaj przykład ruchu, który taki nie jest.","Ruch nazywamy jednostajnym, gdy w każdej kolejnej, równej jednostce czasu (np. każdej sekundzie) ciało pokonuje dokładnie taką samą drogę - oznacza to, że jego prędkość jest stała (nie zmienia się w czasie). Przykładem ruchu, który taki nie jest, jest swobodny spadek ciała: w kolejnych sekundach ciało przebywa coraz większą drogę, ponieważ jego prędkość rośnie (jest to ruch przyspieszony, a nie jednostajny).",,TAK,odpowiedzi-fizyka-ruch-i-sily.csv
24,RUC-B06,2,Ruch i siły,Ruch i siły,B,6,Wykres v(t): pozioma linia 4 m/s przez 5 s. Jaką drogę przebyto? Co…,Wykres v(t): pozioma linia 4 m/s przez 5 s. Jaką drogę przebyto? Co reprezentuje na wykresie?,"Droga to pole powierzchni pod wykresem v(t): s = v × t = 4 m/s × 5 s = 20 m. Pozioma linia na wykresie v(t) reprezentuje ruch jednostajny, czyli ruch ze stałą prędkością (wartość prędkości nie zmienia się w czasie). Pułapka: drogi nie odczytuje się bezpośrednio z osi (samo v = 4 to nie droga) - trzeba obliczyć pole figury pod wykresem, tu prostokąta o bokach 4 m/s i 5 s.",pułapka: mylenie odczytu z osi z polem pod wykresem,TAK,odpowiedzi-fizyka-ruch-i-sily.csv
25,RUC-B07,2,Ruch i siły,Ruch i siły,B,7,Czym różni się ruch jednostajnie przyspieszony od opóźnionego pod względem…,Czym różni się ruch jednostajnie przyspieszony od opóźnionego pod względem prędkości w kolejnych sekundach?,"W ruchu jednostajnie przyspieszonym prędkość w kolejnych, równych odstępach czasu rośnie o taką samą wartość (przyrosty prędkości są stałe i dodatnie). W ruchu jednostajnie opóźnionym prędkość w kolejnych, równych odstępach czasu maleje o taką samą wartość (aż np. do zera). Różnica dotyczy więc znaku zmiany prędkości - w obu przypadkach zmiana prędkości w jednostce czasu jest stała co do wartości bezwzględnej, ale w jednym rośnie, a w drugim maleje.",,TAK,odpowiedzi-fizyka-ruch-i-sily.csv
26,RUC-B08,2,Ruch i siły,Ruch i siły,B,8,Samochód zwiększył prędkość z 10 do 22 m/s w 4 s. Oblicz przyspieszenie z…,Samochód zwiększył prędkość z 10 do 22 m/s w 4 s. Oblicz przyspieszenie z jednostką.,"Przyspieszenie liczymy ze wzoru a = Δv/t, gdzie Δv to zmiana prędkości: Δv = 22 m/s - 10 m/s = 12 m/s. Zatem a = 12 m/s / 4 s = 3 m/s². Pułapka: trzeba użyć różnicy prędkości (Δv), a nie samej prędkości końcowej (błędne obliczenie 22/4 dałoby zły wynik); wynik zawsze musi mieć jednostkę m/s² (metr na sekundę do kwadratu), a nie samo m/s.",pułapka: mylenie Δv z prędkością końcową; brak jednostki m/s²,TAK,odpowiedzi-fizyka-ruch-i-sily.csv
27,RUC-B09,2,Ruch i siły,Ruch i siły,B,9,(fakultatywne) Wykres v(t) rośnie liniowo od 2 do 10 m/s w 2 s. Odczytaj…,"(fakultatywne) Wykres v(t) rośnie liniowo od 2 do 10 m/s w 2 s. Odczytaj przyspieszenie, tłumacząc, co reprezentuje nachylenie.","Przyspieszenie to nachylenie (stromość) linii na wykresie v(t): a = Δv/Δt = (10 m/s - 2 m/s) / 2 s = 8/2 = 4 m/s². Nachylenie linii pokazuje, jak szybko zmienia się prędkość w czasie - im bardziej stroma linia, tym większe przyspieszenie. Pułapka: nachylenie to nie to samo co wartość prędkości odczytana z osi pionowej w danym momencie (np. sama liczba 10 m/s nie jest przyspieszeniem) - to stosunek zmiany prędkości do zmiany czasu.",pułapka: mylenie nachylenia z wartością prędkości,TAK,odpowiedzi-fizyka-ruch-i-sily.csv
28,RUC-B10,2,Ruch i siły,Ruch i siły,B,10,"Na skrzynkę działa siła 10 N w prawo. Co musisz podać, by w pełni ją…","Na skrzynkę działa siła 10 N w prawo. Co musisz podać, by w pełni ją opisać?","Aby w pełni opisać siłę, trzeba podać: jej wartość (10 N), kierunek i zwrot działania (poziomo, w prawo) oraz ciało, na które działa (skrzynka) - a dla pełnego opisu fizycznego również punkt przyłożenia. Sama liczba „10 N"" nic nie mówi o tym, jak siła wpłynie na ruch, jeśli nie wiadomo, w którą stronę działa i na co konkretnie.",pułapka: pomijanie kierunku/zwrotu/ciała,TAK,odpowiedzi-fizyka-ruch-i-sily.csv
29,RUC-B11,2,Ruch i siły,Ruch i siły,B,11,"Podaj sytuację, gdy na jedno ciało działają jednocześnie siła ciężkości…","Podaj sytuację, gdy na jedno ciało działają jednocześnie siła ciężkości, nacisku i oporu ruchu, i nazwij ich źródła.","Przykład: książka przesuwana po powierzchni stołu. Siła ciężkości - jej źródłem jest przyciąganie grawitacyjne Ziemi, działa pionowo w dół. Siła nacisku (reakcja podłoża, siła normalna) - jej źródłem jest stół, który podpiera książkę, działa pionowo w górę. Siła oporu ruchu (tarcie) - jej źródłem jest szorstkość zetkniętych powierzchni (książki i stołu), działa poziomo, przeciwnie do kierunku przesuwania książki.",,TAK,odpowiedzi-fizyka-ruch-i-sily.csv
30,RUC-B12,2,Ruch i siły,Ruch i siły,B,12,Na klocek działają siły 3 N i 5 N w tym samym zwrocie. Jaka siła…,Na klocek działają siły 3 N i 5 N w tym samym zwrocie. Jaka siła wypadkowa? A przy przeciwnych zwrotach?,"Przy tym samym zwrocie siły się dodają: F_wyp = 3 N + 5 N = 8 N, skierowana zgodnie z obiema siłami. Przy przeciwnych zwrotach siły się odejmują: F_wyp = 5 N - 3 N = 2 N, skierowana w stronę większej siły (czyli tej 5 N). Pułapka: zwrot siły decyduje o tym, czy wartości się dodaje, czy odejmuje - nie można po prostu zsumować liczb bez uwzględnienia, w którą stronę działają.",pułapka: dodawanie sił bez uwzględnienia zwrotu,TAK,odpowiedzi-fizyka-ruch-i-sily.csv
31,RUC-B13,2,Ruch i siły,Ruch i siły,B,13,"Odpychasz ścianę na łyżwach, ściana „odpycha"" Ciebie. Nazwij tę parę sił i…","Odpychasz ścianę na łyżwach, ściana „odpycha"" Ciebie. Nazwij tę parę sił i wyjaśnij, czemu Ty się poruszasz, a ściana nie.","To para sił akcji i reakcji, zgodna z III zasadą dynamiki Newtona (zasadą akcji i reakcji): Ty odpychasz ścianę pewną siłą, a ściana działa na Ciebie siłą o takiej samej wartości, ale przeciwnym zwrocie. Ty się poruszasz, bo Twoja masa jest znacznie mniejsza niż „masa"" ściany połączonej z budynkiem i Ziemią - przy tej samej sile Twoje przyspieszenie (a = F/m) jest dużo większe. Pułapka: to nie są dwie siły równoważące się na jednym ciele (jak przy I zasadzie) - działają one na dwa różne ciała (Ciebie i ścianę), dlatego mimo równych wartości skutki są zupełnie inne.",pułapka: mylenie III zasady z równoważeniem sił na jednym ciele,TAK,odpowiedzi-fizyka-ruch-i-sily.csv
32,RUC-B14,2,Ruch i siły,Ruch i siły,B,14,Piłka na lodzie zwalnia bardzo powoli. Wyjaśnij to I zasadą dynamiki.,Piłka na lodzie zwalnia bardzo powoli. Wyjaśnij to I zasadą dynamiki.,"Zgodnie z I zasadą dynamiki (zasadą bezwładności), ciało pozostaje w spoczynku lub porusza się ruchem jednostajnym prostoliniowym, jeśli nie działa na nie żadna siła (lub siły się równoważą). Piłka na lodzie zwalnia bardzo powoli, ponieważ opór między nią a lodem (tarcie) jest bardzo mały, ale nie zerowy - to właśnie ta niewielka siła tarcia stopniowo ją hamuje. Gdyby tarcie było równe zeru, piłka poruszałaby się wiecznie ze stałą prędkością. Pułapka: mimo wrażenia „poślizgu"" tarcie jednak istnieje i jest jedyną przyczyną spowalniania.",pułapka: pomijanie tarcia jako siły,TAK,odpowiedzi-fizyka-ruch-i-sily.csv
33,RUC-B15,2,Ruch i siły,Ruch i siły,B,15,Ten sam wózek pchnięty tą samą siłą — pusty i obciążony — przyspiesza…,Ten sam wózek pchnięty tą samą siłą — pusty i obciążony — przyspiesza inaczej. Wyjaśnij przez II zasadę dynamiki.,"Zgodnie z II zasadą dynamiki, a = F/m - przy tej samej sile F przyspieszenie jest odwrotnie proporcjonalne do masy ciała. Wózek obciążony ma większą masę, więc przy tej samej sile pchnięcia uzyskuje mniejsze przyspieszenie (przyspiesza wolniej) niż wózek pusty. Pułapka: chodzi tu o masę (miarę bezwładności ciała), a nie o ciężar (czyli siłę grawitacji działającą na ciało) - to właśnie masa decyduje o tym, jak trudno zmienić prędkość ciała daną siłą.",pułapka: mylenie masy z ciężarem,TAK,odpowiedzi-fizyka-ruch-i-sily.csv
34,RUC-B16,2,Ruch i siły,Ruch i siły,B,16,Z tej samej wysokości spuszczono jednocześnie w próżni kamień i piłeczkę…,Z tej samej wysokości spuszczono jednocześnie w próżni kamień i piłeczkę pingpongową. Która spadnie pierwsza?,"W próżni oba ciała spadną jednocześnie i dotrą do ziemi w tym samym momencie, ponieważ nie ma tam oporu powietrza, a przyspieszenie grawitacyjne g jest takie samo dla wszystkich ciał, niezależnie od ich masy. Pułapka: potoczna intuicja podpowiada, że cięższe ciało spada szybciej, ale jest to prawda tylko wtedy, gdy występuje opór powietrza (np. kartka papieru kontra kamień w powietrzu) - w próżni ta różnica całkowicie znika.","pułapka: intuicja, że cięższe ciało spada szybciej",TAK,odpowiedzi-fizyka-ruch-i-sily.csv
35,RUC-B17,2,Ruch i siły,Ruch i siły,B,17,Oblicz siłę ciężkości ciała o masie 5 kg (g=10 N/kg).,Oblicz siłę ciężkości ciała o masie 5 kg (g=10 N/kg).,"F_ciężkości = m × g = 5 kg × 10 N/kg = 50 N. Pułapka: masa (5 kg) i siła ciężkości (50 N) to dwie różne wielkości fizyczne o różnych jednostkach - masy nie wolno utożsamiać z siłą; siłę ciężkości zawsze trzeba obliczyć, mnożąc masę ciała przez przyspieszenie ziemskie g.",pułapka: mylenie masy z siłą ciężkości,TAK,odpowiedzi-fizyka-ruch-i-sily.csv
36,RUC-B18,2,Ruch i siły,Ruch i siły,B,18,Zaproponuj domowe doświadczenie pokazujące III zasadę dynamiki.,Zaproponuj domowe doświadczenie pokazujące III zasadę dynamiki.,"Przykład: stań na deskorolce (lub usiądź w fotelu obrotowym / na wózku) i mocno odepchnij ścianę lub inną osobę rękami - w efekcie sam(a) odjedziesz do tyłu. Ilustruje to III zasadę dynamiki: siła, jaką Ty działasz na ścianę/osobę, wywołuje siłę zwrotną (reakcję) o takiej samej wartości, ale przeciwnym zwrocie, działającą na Ciebie. Pułapka: aby doświadczenie faktycznie pokazywało III zasadę, muszą być widoczne dwa oddziałujące na siebie ciała (Ty i ściana/osoba) - opis, w którym coś po prostu przyspiesza pod wpływem jednej siły, ilustrowałby II zasadę, a poruszanie się ze stałą prędkością bez działania siły - I zasadę.",pułapka: opis w rzeczywistości ilustrujący I lub II zasadę,TAK,odpowiedzi-fizyka-ruch-i-sily.csv
37,RUC-B19,2,Ruch i siły,Ruch i siły,B,19,"Jak wyznaczyć prędkość kulki na torze, mając tylko stoper i taśmę…","Jak wyznaczyć prędkość kulki na torze, mając tylko stoper i taśmę mierniczą?","Trzeba zmierzyć zarówno drogę, jaką pokonuje kulka na torze (taśmą mierniczą), jak i czas potrzebny na jej pokonanie (stoperem), a następnie obliczyć prędkość ze wzoru v = s/t. Pułapka: ani sama droga, ani sam czas nie wystarczą do wyznaczenia prędkości - jest ona ilorazem obu tych wielkości, więc trzeba zmierzyć je jednocześnie, dla tego samego odcinka ruchu kulki.","pułapka: pominięcie konieczności zmierzenia zarówno drogi, jak i czasu",TAK,odpowiedzi-fizyka-ruch-i-sily.csv
38,RUC-B20,2,Ruch i siły,Ruch i siły,B,20,Na czym polega pomiar siły siłomierzem — co odczytujemy i dlaczego się…,Na czym polega pomiar siły siłomierzem — co odczytujemy i dlaczego się rozciąga?,"Siłomierz mierzy siłę na podstawie rozciągnięcia (odkształcenia) sprężyny znajdującej się w jego wnętrzu - im większa działająca na niego siła (np. ciężar zawieszonego ciała), tym bardziej sprężyna się rozciąga, zgodnie z prawem Hooke'a (rozciągnięcie jest proporcjonalne do siły). Na skali odczytujemy więc wartość siły (w niutonach), a nie masę ciała. Pułapka: siłomierz pokazuje siłę (N), a nie masę (kg) - żeby z odczytu otrzymać masę, trzeba by dodatkowo podzielić odczytaną siłę przez g.",pułapka: mylenie odczytu siły z masą ciała,TAK,odpowiedzi-fizyka-ruch-i-sily.csv
39,RUC-C01,2,Ruch i siły,Ruch i siły,C,1,"Rowerzysta jedzie 20 min ze stałą prędkością 15 km/h, potem 10 min…","Rowerzysta jedzie 20 min ze stałą prędkością 15 km/h, potem 10 min jednostajnie hamuje do zera. Oszacuj „na oko"", w którym fragmencie przejechał więcej — a potem policz.","Fragment 1 (ruch jednostajny): s1 = v × t = 15 km/h × (20/60) h = 15 × 1/3 = 5 km. Fragment 2 (jednostajne hamowanie z 15 km/h do 0 w ciągu 10 min): ponieważ prędkość maleje liniowo, prędkość średnia wynosi (15 + 0)/2 = 7,5 km/h, więc s2 = 7,5 km/h × (10/60) h = 7,5 × 1/6 = 1,25 km. Rowerzysta przejechał więc zdecydowanie więcej w pierwszym fragmencie (5 km) niż w drugim (1,25 km) - mimo takiej samej prędkości początkowej, krótszy czas trwania i malejąca do zera prędkość dają dużo mniejszy dystans w drugim etapie. Zadanie łączy pojęcie prędkości średniej w ruchu jednostajnie opóźnionym z obliczeniem drogi w ruchu jednostajnym.",,TAK,odpowiedzi-fizyka-ruch-i-sily.csv
40,RUC-C02,2,Ruch i siły,Ruch i siły,C,2,"Ciało 2 kg spoczywa na stole. Wskaż działające siły, wyjaśnij ich…","Ciało 2 kg spoczywa na stole. Wskaż działające siły, wyjaśnij ich równowagę (I zasada) i oblicz siłę nacisku na stół.","Na ciało działają dwie siły: siła ciężkości Fg = m × g = 2 kg × 10 N/kg = 20 N, skierowana pionowo w dół, oraz siła reakcji podłoża (siła normalna) wywierana przez stół na ciało, skierowana pionowo w górę. Ponieważ ciało pozostaje w spoczynku (nie przyspiesza), zgodnie z I zasadą dynamiki te dwie siły muszą się równoważyć, czyli mieć równe wartości i przeciwne zwroty - obie wynoszą 20 N. Siła nacisku ciała na stół to reakcja do siły podłoża na ciało (zgodnie z III zasadą dynamiki) i również wynosi 20 N, tyle że jest skierowana w dół i działa na stół, a nie na ciało.",,TAK,odpowiedzi-fizyka-ruch-i-sily.csv
41,RUC-C03,2,Ruch i siły,Ruch i siły,C,3,Dwa wózki o różnej masie popychasz tą samą siłą przez tę samą chwilę…,Dwa wózki o różnej masie popychasz tą samą siłą przez tę samą chwilę. Który zyska większą prędkość? Połącz II zasadę z prędkością i czasem.,"Zgodnie z II zasadą dynamiki, F = m × a, więc a = F/m - przy tej samej sile mniejsza masa daje większe przyspieszenie. Zaczynając od spoczynku, prędkość po czasie t wynosi v = a × t, a ponieważ przyspieszenie jest większe dla wózka lżejszego, to właśnie ten wózek (o mniejszej masie) zyska większą prędkość w tym samym czasie działania tej samej siły. Wózek cięższy, mimo identycznej siły, przyspiesza wolniej i osiągnie mniejszą prędkość w tej samej chwili.",,TAK,odpowiedzi-fizyka-ruch-i-sily.csv
42,RUC-C04,2,Ruch i siły,Ruch i siły,C,4,"Wahadło spadające swobodnie przyspiesza. Oszacuj, o ile wzrośnie prędkość…","Wahadło spadające swobodnie przyspiesza. Oszacuj, o ile wzrośnie prędkość w każdej kolejnej sekundzie, zanim to obliczysz.","W spadku swobodnym przyspieszenie jest stałe i wynosi g ≈ 10 m/s² (w przybliżeniu). Oznacza to, że w każdej kolejnej sekundzie prędkość wzrasta o tę samą wartość - około 10 m/s. Sprawdzenie: v(t) = g × t, więc po 1 s prędkość wynosi ok. 10 m/s, po 2 s - 20 m/s, po 3 s - 30 m/s. Przyrost prędkości w każdej kolejnej sekundzie jest więc stały i wynosi 10 m/s, co jest właśnie istotą ruchu jednostajnie przyspieszonego.",,TAK,odpowiedzi-fizyka-ruch-i-sily.csv
43,RUC-D01,2,Ruch i siły,Ruch i siły,D,1,Kolega: „Siła wypadkowa 4 N i 6 N w tym samym kierunku i zwrocie wynosi 2…,"Kolega: „Siła wypadkowa 4 N i 6 N w tym samym kierunku i zwrocie wynosi 2 N"".","Tak, kolega popełnił błąd. Gdy dwie siły działają w tym samym kierunku i tym samym zwrocie, ich wartości należy dodać, a nie odjąć: F_wyp = 4 N + 6 N = 10 N, a nie 2 N. Wynik 2 N powstałby dopiero wtedy, gdyby siły miały przeciwne zwroty (wówczas się je odejmuje: 6 N - 4 N = 2 N) - kolega najwyraźniej pomylił sytuację „ten sam zwrot"" z sytuacją „zwroty przeciwne"". Aby mu to wytłumaczyć, warto narysować obie siły jako strzałki zwrócone w tę samą stronę i pokazać, że wypadkowa to suma długości tych strzałek, czyli 10 N.",zadanie zawiera błąd,TAK,odpowiedzi-fizyka-ruch-i-sily.csv
44,RUC-D02,2,Ruch i siły,Ruch i siły,D,2,"Koleżanka: „Cięższe ciało spada szybciej w próżni, bo ma większą siłę…","Koleżanka: „Cięższe ciało spada szybciej w próżni, bo ma większą siłę ciężkości"".","Tak, koleżanka popełniła błąd. To prawda, że cięższe ciało ma większą siłę ciężkości (Fg = m × g), ale przyspieszenie, z jakim ciało spada w próżni, nie zależy od jego masy - w próżni każde ciało spada z takim samym przyspieszeniem g (ok. 10 m/s²), niezależnie od tego, jak jest ciężkie. Koleżanka pomyliła siłę ciężkości (która rzeczywiście jest większa dla cięższego ciała) z przyspieszeniem (które jest jednakowe dla wszystkich mas w próżni) - większa siła działa wprawdzie na większą masę, ale te dwa efekty dokładnie się znoszą (a = F/m = mg/m = g), dając to samo przyspieszenie dla każdego ciała.",zadanie zawiera błąd,TAK,odpowiedzi-fizyka-ruch-i-sily.csv
45,RUC-D03,2,Ruch i siły,Ruch i siły,D,3,Kolega: przyspieszenie z 5 do 15 m/s w 5 s obliczył jako a=15/5=3 m/s².,Kolega: przyspieszenie z 5 do 15 m/s w 5 s obliczył jako a=15/5=3 m/s².,"Tak, kolega popełnił błąd. Przyspieszenie oblicza się ze wzoru a = Δv/t, czyli zmianę prędkości (a nie samą prędkość końcową) dzieli się przez czas. Δv = 15 m/s - 5 m/s = 10 m/s, więc poprawnie: a = 10 m/s / 5 s = 2 m/s², a nie 3 m/s², które kolega otrzymał, dzieląc błędnie samą prędkość końcową (15) przez czas (5), pomijając prędkość początkową. Aby to wytłumaczyć koledze, warto podkreślić, że najpierw trzeba obliczyć, o ile prędkość faktycznie wzrosła (różnica końcowej i początkowej), a dopiero potem tę zmianę podzielić przez czas.",zadanie zawiera błąd,TAK,odpowiedzi-fizyka-ruch-i-sily.csv
46,ENE-A01,3,Energia,Energia,A,1,"Czym różni się energia kinetyczna od potencjalnej? Co „przechowuje"" każda…","Czym różni się energia kinetyczna od potencjalnej? Co „przechowuje"" każda z nich?","Energia kinetyczna to energia ruchu — ma ją każde ciało, które się porusza, i zależy od jego masy oraz prędkości (im szybciej i im cięższe ciało, tym większa Ek). Energia potencjalna to energia „zmagazynowana"" dzięki położeniu lub stanowi ciała, a nie ruchowi — np. energia potencjalna grawitacji zależy od wysokości nad jakimś poziomem odniesienia, a energia potencjalna sprężystości od odkształcenia sprężyny. Można powiedzieć, że energia kinetyczna „przechowuje"" ruch, a potencjalna — możliwość wykonania pracy w przyszłości (np. gdy ciało spadnie albo sprężyna się rozpręży).",,TAK,odpowiedzi-energia-partia-3.csv
47,ENE-A02,3,Energia,Energia,A,2,"Po co wprowadza się pojęcie pracy mechanicznej, skoro mamy już pojęcie…","Po co wprowadza się pojęcie pracy mechanicznej, skoro mamy już pojęcie siły?","Sama siła mówi tylko, jak mocno coś na ciało działa w danej chwili, ale nie mówi, ile energii zostało dzięki temu przekazane ciału. Praca mechaniczna łączy siłę z przemieszczeniem (W = F·s), więc pozwala policzyć, ile energii zużyto lub zyskano w wyniku działania siły na pewnym odcinku drogi. Dzięki pojęciu pracy możemy porównywać różne sytuacje — np. pchanie ciężkiego przedmiotu na krótkim i długim dystansie — i łączyć mechanikę z energią, bo praca jest właśnie sposobem przekazywania energii z jednego ciała na drugie.",,TAK,odpowiedzi-energia-partia-3.csv
48,ENE-B01,3,Energia,Energia,B,1,Pchasz szafę siłą 50 N na 3 m. Oblicz pracę. Czy praca zmieniłaby się…,"Pchasz szafę siłą 50 N na 3 m. Oblicz pracę. Czy praca zmieniłaby się, gdyby szafa się nie ruszyła?","Praca wynosi W = F·s = 50 N · 3 m = 150 J. Gdyby szafa się nie ruszyła (przemieszczenie s = 0), praca mechaniczna wyniosłaby 0 J, mimo że nadal działamy siłą 50 N. To dlatego, że praca mechaniczna wymaga zarówno siły, jak i przemieszczenia w kierunku jej działania — sama siła bez przesunięcia to nie jest jeszcze praca. Typowy błąd to myślenie, że skoro się wysilamy (np. pchamy z całych sił), to wykonujemy pracę — fizycznie liczy się jednak efekt w postaci przesunięcia.",pułapka: sama siła bez przesunięcia to jeszcze nie praca,TAK,odpowiedzi-energia-partia-3.csv
49,ENE-B02,3,Energia,Energia,B,2,"Dwóch uczniów wnosi tę samą walizkę na piętro — jeden w 10 s, drugi w 20…","Dwóch uczniów wnosi tę samą walizkę na piętro — jeden w 10 s, drugi w 20 s. Który wykonał większą pracę, a który moc?","Praca wykonana przez obu uczniów jest taka sama, bo praca zależy od siły (ciężaru walizki) i przemieszczenia (tej samej wysokości piętra) — czas nie wchodzi do wzoru na pracę (W = F·s). Różni się natomiast moc, czyli szybkość wykonywania pracy: P = W/t. Uczeń, który wniósł walizkę w 10 s, wykonał tę samą pracę w krótszym czasie, więc rozwinął większą moc niż uczeń, który potrzebował 20 s. Częsty błąd to mylenie tych pojęć — „szybszy"" nie znaczy „wykonał większą pracę"", tylko „miał większą moc"".",pułapka: mylenie pracy z mocą,TAK,odpowiedzi-energia-partia-3.csv
50,ENE-B03,3,Energia,Energia,B,3,"Piłka podniesiona ma energię potencjalną, tocząca się — kinetyczną…","Piłka podniesiona ma energię potencjalną, tocząca się — kinetyczną, ściśnięta sprężyna — potencjalną sprężystości. Wskaż źródło każdej.","Piłka podniesiona nad ziemię ma energię potencjalną grawitacji, której źródłem jest jej wysokość względem poziomu odniesienia (im wyżej, tym większa Ep = m·g·h). Piłka tocząca się ma energię kinetyczną, której źródłem jest jej ruch — konkretnie masa i prędkość (Ek = ½·m·v²). Ściśnięta sprężyna ma energię potencjalną sprężystości, której źródłem jest jej odkształcenie (ściśnięcie lub rozciągnięcie) — im bardziej odkształcona, tym więcej energii ma zmagazynowanej. Ważne jest, by nie mylić energii potencjalnej grawitacji z kinetyczną, gdy ciało zaczyna się poruszać w dół — dopóki piłka wisi nieruchomo, ma tylko Ep; gdy spada, część Ep zamienia się w Ek.",pułapka: mylenie energii potencjalnej grawitacji z kinetyczną przy ruchu w dół,TAK,odpowiedzi-energia-partia-3.csv
51,ENE-B04,3,Energia,Energia,B,4,"Piłka 0,5 kg podniesiona na 2 m (g=10 N/kg) — oblicz energię potencjalną.","Piłka 0,5 kg podniesiona na 2 m (g=10 N/kg) — oblicz energię potencjalną.","Energię potencjalną liczymy ze wzoru Ep = m·g·h. Podstawiając dane: Ep = 0,5 kg · 10 N/kg · 2 m = 10 J. Kluczowe jest podstawienie wszystkich trzech wielkości — masy, przyspieszenia ziemskiego i wysokości w metrach — do jednego wzoru; częstym błędem jest pominięcie masy (liczenie tylko g·h) albo podanie wysokości w innej jednostce niż metry bez przeliczenia.",pułapka: pominięcie masy lub błędna jednostka wysokości,TAK,odpowiedzi-energia-partia-3.csv
52,ENE-B05,3,Energia,Energia,B,5,Piłka spada swobodnie. Co dzieje się z jej energią potencjalną i…,Piłka spada swobodnie. Co dzieje się z jej energią potencjalną i kinetyczną aż do uderzenia o ziemię?,"W miarę spadania piłka traci wysokość, więc jej energia potencjalna maleje, a jednocześnie zyskuje prędkość, więc jej energia kinetyczna rośnie. Zgodnie z zasadą zachowania energii mechanicznej (przy pominięciu oporu powietrza) suma Ep + Ek pozostaje przez cały czas taka sama — energia nie znika, tylko zmienia formę z potencjalnej na kinetyczną. Tuż przed uderzeniem o ziemię (h≈0) niemal cała energia potencjalna zamieniła się w kinetyczną. Błędem byłoby stwierdzenie, że energia „znika"" — ona się przekształca, a nie zanika.","pułapka: twierdzenie, że energia znika, zamiast że zmienia formę",TAK,odpowiedzi-energia-partia-3.csv
53,ENE-C01,3,Energia,Energia,C,1,"Piłka spada z 5 m. Oszacuj „na oko"", czy energia kinetyczna tuż przed…","Piłka spada z 5 m. Oszacuj „na oko"", czy energia kinetyczna tuż przed uderzeniem będzie większa, mniejsza czy taka sama jak początkowa energia potencjalna (bez oporu powietrza) — potem uzasadnij zasadą zachowania energii.","Energia kinetyczna tuż przed uderzeniem będzie taka sama jak początkowa energia potencjalna. Wynika to z zasady zachowania energii mechanicznej: jeśli nie ma oporu powietrza ani innych strat (np. na tarcie), cała energia potencjalna, jaką piłka miała na wysokości 5 m, w trakcie spadku zamienia się w energię kinetyczną — nic po drodze nie „ucieka"" z układu. Dlatego w chwili tuż przed uderzeniem, gdy wysokość jest praktycznie równa zeru (Ep≈0), niemal cała energia jest już energią kinetyczną, a jej wartość liczbowa jest równa początkowej Ep = m·g·h.",,TAK,odpowiedzi-energia-partia-3.csv
54,ENE-C02,3,Energia,Energia,C,2,"Dwie osoby wykonują tę samą pracę, podnosząc identyczne skrzynie, ale…","Dwie osoby wykonują tę samą pracę, podnosząc identyczne skrzynie, ale jedna szybciej. Co jest takie samo, a co różne (praca vs moc)?","Praca wykonana przez obie osoby jest taka sama, bo obie podnoszą identyczne skrzynie (ta sama siła potrzebna do pokonania ciężaru) na tę samą wysokość (to samo przemieszczenie) — praca zależy tylko od tych dwóch wielkości, nie od czasu. Różni się natomiast moc: osoba, która wykonała tę pracę szybciej, potrzebowała krótszego czasu, więc jej moc (P = W/t) jest większa. Innymi słowy: obie włożyły tyle samo „energii"" w podniesienie skrzyni, ale jedna zrobiła to z większą intensywnością/tempem.",,TAK,odpowiedzi-energia-partia-3.csv
55,ENE-C03,3,Energia,Energia,C,3,"Wahadło wychylone maksymalnie na chwilę się zatrzymuje. Wytłumacz, co…","Wahadło wychylone maksymalnie na chwilę się zatrzymuje. Wytłumacz, co dzieje się z jego energią w tym momencie i chwilę później.","W punkcie maksymalnego wychylenia wahadło ma prędkość równą zeru, więc jego energia kinetyczna w tej chwili wynosi 0, a cała energia mechaniczna układu jest w tym momencie energią potencjalną (wahadło jest najwyżej podniesione względem najniższego punktu toru). Chwilę później, gdy wahadło zaczyna poruszać się z powrotem w dół, jego wysokość maleje, więc energia potencjalna zaczyna się zmniejszać, a energia kinetyczna rośnie kosztem tej ubywającej Ep — suma obu energii (przy pominięciu oporów) pozostaje stała przez cały ruch wahadła. To pokazuje, że punkt maksymalnego wychylenia to nie jest miejsce, w którym energia „znika"", tylko chwila, w której cała energia mechaniczna ma akurat postać potencjalną.",,TAK,odpowiedzi-energia-partia-3.csv
56,ENE-D01,3,Energia,Energia,D,1,"Kolega: „Trzymając ciężką torbę nieruchomo przez 5 minut, wykonuję dużą…","Kolega: „Trzymając ciężką torbę nieruchomo przez 5 minut, wykonuję dużą pracę, bo się męczę"".","Kolega się myli. W sensie fizycznym praca mechaniczna wynosi tu 0 J, ponieważ praca to W = F·s, a przemieszczenie s wynosi zero — torba nie zmienia swojego położenia (nie unosi się ani nie opada), mimo że kolega cały czas działa na nią siłą równą jej ciężarowi. To, że kolega odczuwa zmęczenie, wynika z pracy wykonywanej wewnątrz jego mięśni na poziomie biologicznym (zużycie energii chemicznej, napinanie włókien mięśniowych), a nie z pracy mechanicznej wykonanej nad torbą. Warto koledze wytłumaczyć, że w fizyce „praca"" ma ścisłą definicję związaną z przemieszczeniem, i nie każde wysilenie ciała jest pracą mechaniczną.",zadanie zawiera błąd,TAK,odpowiedzi-energia-partia-3.csv
57,ENE-D02,3,Energia,Energia,D,2,Koleżanka obliczyła Ep ciała 2 kg na 3 m jako Ep=2+3+10=15 J.,Koleżanka obliczyła Ep ciała 2 kg na 3 m jako Ep=2+3+10=15 J.,"Koleżanka popełniła błąd — energii potencjalnej nie liczy się przez dodawanie wartości masy, wysokości i przyspieszenia ziemskiego, tylko przez ich mnożenie: Ep = m·g·h. Podstawiając dane: Ep = 2 kg · 10 N/kg · 3 m = 60 J, a nie 15 J. Warto pokazać koleżance, że we wzorze na energię potencjalną wszystkie trzy wielkości są ze sobą mnożone, a nie sumowane — to jeden z częstszych błędów rachunkowych przy tym wzorze, zwłaszcza gdy liczby są proste i „kuszą"" do zsumowania.",zadanie zawiera błąd,TAK,odpowiedzi-energia-partia-3.csv
58,CIE-A01,4,Zjawiska cieplne,Zjawiska cieplne,A,1,Czym różni się temperatura od ciepła?,Czym różni się temperatura od ciepła?,,,NIE,BRAK - do uzupelnienia
59,CIE-A02,4,Zjawiska cieplne,Zjawiska cieplne,A,2,"Dlaczego temperatura topniejącego lodu nie rośnie, mimo stałego…","Dlaczego temperatura topniejącego lodu nie rośnie, mimo stałego dostarczania ciepła?",,,NIE,BRAK - do uzupelnienia
60,CIE-B01,4,Zjawiska cieplne,Zjawiska cieplne,B,1,Gorąca herbata stoi w chłodnym pokoju. Co dzieje się z temperaturą obu do…,Gorąca herbata stoi w chłodnym pokoju. Co dzieje się z temperaturą obu do osiągnięcia równowagi?,,"pułapka: „zimno przepływa"" zamiast ciepła w drugą stronę",NIE,BRAK - do uzupelnienia
61,CIE-B02,4,Zjawiska cieplne,Zjawiska cieplne,B,2,Przelicz 20°C na skalę Kelvina.,Przelicz 20°C na skalę Kelvina.,,pułapka: odejmowanie zamiast dodawania 273,NIE,BRAK - do uzupelnienia
62,CIE-B03,4,Zjawiska cieplne,Zjawiska cieplne,B,3,"Podaj przykład zmiany energii wewnętrznej przez wykonanie pracy, inny niż…","Podaj przykład zmiany energii wewnętrznej przez wykonanie pracy, inny niż ogrzewanie.",,pułapka: podawanie tylko przykładów przekazywania ciepła,NIE,BRAK - do uzupelnienia
63,CIE-B04,4,Zjawiska cieplne,Zjawiska cieplne,B,4,"Wytłumacz, dlaczego wyższa temperatura oznacza szybszy chaotyczny ruch…","Wytłumacz, dlaczego wyższa temperatura oznacza szybszy chaotyczny ruch cząsteczek, a nie ich większy rozmiar.",,pułapka: mylenie temperatury z rozmiarem/ilością cząsteczek,NIE,BRAK - do uzupelnienia
64,CIE-B05,4,Zjawiska cieplne,Zjawiska cieplne,B,5,Dlaczego metalowa łyżka w zupie szybciej się nagrzewa niż drewniana?,Dlaczego metalowa łyżka w zupie szybciej się nagrzewa niż drewniana?,,pułapka: tłumaczenie grubością łyżki zamiast rodzajem materiału,NIE,BRAK - do uzupelnienia
65,CIE-B06,4,Zjawiska cieplne,Zjawiska cieplne,B,6,"Dlaczego grzejnik ustawia się nisko, a nie pod sufitem?","Dlaczego grzejnik ustawia się nisko, a nie pod sufitem?",,"pułapka: pominięcie unoszenia się cieplejszego, mniej gęstego powietrza",NIE,BRAK - do uzupelnienia
66,CIE-B07,4,Zjawiska cieplne,Zjawiska cieplne,B,7,"Woda wrze cały czas w 100°C mimo dalszego podgrzewania. Gdzie „znika""…","Woda wrze cały czas w 100°C mimo dalszego podgrzewania. Gdzie „znika"" dostarczane ciepło?",,pułapka: brak wzrostu temperatury = brak dostarczania energii,NIE,BRAK - do uzupelnienia
67,CIE-B08,4,Zjawiska cieplne,Zjawiska cieplne,B,8,Jak zaobserwować proces skraplania w prostym doświadczeniu domowym?,Jak zaobserwować proces skraplania w prostym doświadczeniu domowym?,,pułapka: mylenie skraplania z parowaniem,NIE,BRAK - do uzupelnienia
68,CIE-B09,4,Zjawiska cieplne,Zjawiska cieplne,B,9,Pręt metalowy i drewniany podgrzewane z jednej strony świeczką — jak…,"Pręt metalowy i drewniany podgrzewane z jednej strony świeczką — jak sprawdzić, który lepiej przewodzi ciepło?",,pułapka: brak pomysłu na obiektywne porównanie,NIE,BRAK - do uzupelnienia
69,CIE-B10,4,Zjawiska cieplne,Zjawiska cieplne,B,10,"Zaproponuj doświadczenie pokazujące, że tarcie (praca) podnosi temperaturę…","Zaproponuj doświadczenie pokazujące, że tarcie (praca) podnosi temperaturę bez dostarczania ciepła z zewnątrz.",,,NIE,BRAK - do uzupelnienia
70,CIE-C01,4,Zjawiska cieplne,Zjawiska cieplne,C,1,"Kostka lodu topi się w szklance wody pokojowej. Oszacuj „na oko"", czy…","Kostka lodu topi się w szklance wody pokojowej. Oszacuj „na oko"", czy temperatura równowagi będzie bliższa lodu czy wody, potem wytłumacz przewodnictwem i równowagą termiczną.",,,NIE,BRAK - do uzupelnienia
71,CIE-C02,4,Zjawiska cieplne,Zjawiska cieplne,C,2,"Wyjaśnij, dlaczego w termosie chcemy słabego przewodnictwa ścianek, a…","Wyjaśnij, dlaczego w termosie chcemy słabego przewodnictwa ścianek, a metalowa łyżeczka w środku ochładza herbatę szybciej niż plastikowa.",,,NIE,BRAK - do uzupelnienia
72,CIE-C03,4,Zjawiska cieplne,Zjawiska cieplne,C,3,"Woda w garnku dochodzi do wrzenia. Opisz, co dzieje się z nią od 90°C do…","Woda w garnku dochodzi do wrzenia. Opisz, co dzieje się z nią od 90°C do całkowitego wyparowania (temperatura, energia wewnętrzna, zmiana stanu skupienia).",,,NIE,BRAK - do uzupelnienia
73,CIE-D01,4,Zjawiska cieplne,Zjawiska cieplne,D,1,"Kolega: „Dotykając zimą metalowej poręczy, poręcz oddaje mi swoje zimno"".","Kolega: „Dotykając zimą metalowej poręczy, poręcz oddaje mi swoje zimno"".",,zawiera błąd: tak — to ciepło płynie z ręki do poręczy,NIE,BRAK - do uzupelnienia
74,CIE-D02,4,Zjawiska cieplne,Zjawiska cieplne,D,2,"Koleżanka: „Skoro woda wrze w 100°C i podgrzewamy dłużej, temperatura pary…","Koleżanka: „Skoro woda wrze w 100°C i podgrzewamy dłużej, temperatura pary przekroczy 100°C"".",,zawiera błąd: tak — temperatura nie rośnie podczas wrzenia,NIE,BRAK - do uzupelnienia
75,WLA-A01,5,Właściwości materii,Właściwości materii,A,1,Dlaczego różne substancje o tej samej objętości mogą mieć różną masę? Co…,Dlaczego różne substancje o tej samej objętości mogą mieć różną masę? Co mówi to o ich budowie mikroskopowej?,"Bo substancje różnią się gęstością - rodzajem cząstek, z których są zbudowane, i tym, jak ciasno te cząstki są upakowane. Przy tej samej objętości większa masa oznacza, że w tej samej przestrzeni zmieściło się więcej materii, czyli substancja ma większą gęstość. Pokazuje to, że materia nie jest jednorodna i ciągła, lecz zbudowana z cząstek o określonej masie, rozmieszczonych z różną gęstością upakowania w zależności od rodzaju substancji i sił działających między cząsteczkami.",,TAK,odpowiedzi-fizyka-wlasciwosci-materii.csv
76,WLA-A02,5,Właściwości materii,Właściwości materii,A,2,"Czym różni się ciśnienie od siły — dlaczego ten sam but „ciśnie"" różnie…","Czym różni się ciśnienie od siły — dlaczego ten sam but „ciśnie"" różnie zależnie od pozycji stopy?","Siła to nacisk działający na ciało (mierzony w niutonach), a ciśnienie to ta siła podzielona przez pole powierzchni, na jaką działa: p=F/S. Ciężar osoby (siła) się nie zmienia, ale gdy stoi ona na całej stopie, siła rozkłada się na dużą powierzchnię S, więc ciśnienie jest małe. Gdy staje na palcach, ta sama siła działa na dużo mniejszą powierzchnię, więc ciśnienie rośnie. Dlatego ten sam but „ciśnie"" mocniej, gdy opieramy się na małej części stopy.",,TAK,odpowiedzi-fizyka-wlasciwosci-materii.csv
77,WLA-B01,5,Właściwości materii,Właściwości materii,B,1,"Żelazo tonie, drewno pływa. Wytłumacz to różnicą gęstości i budową…","Żelazo tonie, drewno pływa. Wytłumacz to różnicą gęstości i budową mikroskopową.","O tym, czy ciało tonie, czy pływa, decyduje jego gęstość w porównaniu z gęstością wody (ok. 1000 kg/m³), a nie sama masa. Żelazo ma gęstość ok. 7800 kg/m³ - jego atomy są ciężkie i bardzo ciasno upakowane, więc w danej objętości mieści się dużo masy, dlatego tonie. Drewno ma gęstość ok. 400-800 kg/m³ (mniej niż woda) - jego budowa komórkowa jest porowata i zawiera dużo powietrza, więc przy tej samej objętości masa jest znacznie mniejsza, dlatego pływa. Pułapka: liczy się stosunek masy do objętości (gęstość), a nie sama masa - duża kłoda drewna może ważyć więcej niż mały gwóźdź z żelaza, a mimo to drewno pływa, a gwóźdź tonie.",pułapka: mylenie masy z gęstością,TAK,odpowiedzi-fizyka-wlasciwosci-materii.csv
78,WLA-B02,5,Właściwości materii,Właściwości materii,B,2,Kostka o V=2 dm³ ma masę 6 kg. Oblicz gęstość w kg/dm³ i w kg/m³.,Kostka o V=2 dm³ ma masę 6 kg. Oblicz gęstość w kg/dm³ i w kg/m³.,"Gęstość liczymy ze wzoru d=m/V, czyli d=6 kg/2 dm³=3 kg/dm³. Aby przeliczyć na kg/m³, korzystamy z tego, że 1 m³=1000 dm³, więc 1 kg/dm³=1000 kg/m³. Zatem 3 kg/dm³=3000 kg/m³. Typowy błąd polega na odwróceniu wzoru, czyli liczeniu V/m zamiast m/V - trzeba pamiętać, że gęstość odpowiada na pytanie „ile masy przypada na jednostkę objętości"", więc zawsze dzielimy masę przez objętość, nie odwrotnie.",pułapka: odwrócenie wzoru (V/m zamiast m/V),TAK,odpowiedzi-fizyka-wlasciwosci-materii.csv
79,WLA-B03,5,Właściwości materii,Właściwości materii,B,3,Ten sam but wywiera inny nacisk na śnieg na całej stopie i na palcach…,Ten sam but wywiera inny nacisk na śnieg na całej stopie i na palcach. Wytłumacz to wzorem na ciśnienie.,"Siła nacisku (ciężar osoby) jest w obu przypadkach taka sama, ale ciśnienie zależy od wzoru p=F/S, czyli od siły podzielonej przez pole powierzchni, na którą ta siła działa. Gdy opieramy się na całej stopie, pole S jest duże, więc ciśnienie jest małe i but „słabo"" wgniata śnieg. Gdy stajemy na palcach, ta sama siła F działa na dużo mniejszą powierzchnię, więc ciśnienie rośnie i but wgniata się głębiej. Pułapka polega na myśleniu, że skoro siła (ciężar) się nie zmienia, to ciśnienie musi być stałe - tymczasem ciśnienie zależy od dwóch wielkości: siły i powierzchni, na jaką ta siła działa.","pułapka: przekonanie, że stała siła = stałe ciśnienie",TAK,odpowiedzi-fizyka-wlasciwosci-materii.csv
80,WLA-B04,5,Właściwości materii,Właściwości materii,B,4,"Dlaczego przy otwieraniu gazowanej butelki „syczy"" powietrze?","Dlaczego przy otwieraniu gazowanej butelki „syczy"" powietrze?","W zamkniętej butelce z napojem gazowanym panuje ciśnienie znacznie wyższe niż ciśnienie atmosferyczne na zewnątrz, bo rozpuszczony w napoju dwutlenek węgla częściowo wydziela się w postaci gazu i gromadzi się nad cieczą pod korkiem. Gdy otwieramy butelkę, gaz o wysokim ciśnieniu gwałtownie wyrównuje się z niższym ciśnieniem atmosferycznym na zewnątrz, uciekając przez otwór - to gwałtowne wyrównywanie ciśnień słyszymy jako „syk"". Pułapka: nie chodzi o „ciężar"" (masę) powietrza zgromadzonego w butelce, lecz o różnicę ciśnień między wnętrzem a otoczeniem, która napędza przepływ gazu na zewnątrz.",pułapka: mylenie ciśnienia atmosferycznego z wagą powietrza w butelce,TAK,odpowiedzi-fizyka-wlasciwosci-materii.csv
81,WLA-B05,5,Właściwości materii,Właściwości materii,B,5,"Wytłumacz prawem Pascala, dlaczego nacisk na tłok strzykawki z boku daje…","Wytłumacz prawem Pascala, dlaczego nacisk na tłok strzykawki z boku daje równomierny wypływ ze wszystkich otworków na jej końcu.","Prawo Pascala mówi, że ciśnienie wywierane na ciecz (lub gaz) w zamkniętym naczyniu rozchodzi się jednakowo we wszystkich kierunkach i jest przekazywane bez zmian do każdego punktu tej cieczy. Gdy naciskamy na tłok strzykawki, zwiększone ciśnienie działa jednakowo na ciecz przy każdym z otworków na jej końcu, niezależnie od tego, jak są one ustawione względem kierunku nacisku, dlatego ciecz wypływa równomiernie ze wszystkich otworków, a nie tylko z tego znajdującego się „naprzeciwko"" tłoka. Pułapka polega na błędnej intuicji, że ciśnienie przenosi się tylko wzdłuż kierunku pchania, tak jak siła - podczas gdy ciecze i gazy przekazują ciśnienie we wszystkich kierunkach jednocześnie.","pułapka: przekonanie, że ciśnienie rozchodzi się tylko w kierunku nacisku",TAK,odpowiedzi-fizyka-wlasciwosci-materii.csv
82,WLA-B06,5,Właściwości materii,Właściwości materii,B,6,Dlaczego nurek na 10 m czuje większe ciśnienie niż przy powierzchni? Od…,Dlaczego nurek na 10 m czuje większe ciśnienie niż przy powierzchni? Od czego ono zależy?,"Ciśnienie hydrostatyczne rośnie wraz z głębokością, bo im głębiej, tym wyższa jest kolumna wody znajdująca się nad danym punktem, a jej ciężar dociska na ciało nurka. Opisuje to wzór p=ρ·g·h, gdzie ρ to gęstość cieczy, g to przyspieszenie ziemskie, a h to głębokość. Na 10 m ciśnienie hydrostatyczne jest więc znacznie większe niż przy powierzchni, bo h jest większe (dodatkowo działa jeszcze ciśnienie atmosferyczne, wywierane na powierzchnię wody). Pułapka: ciśnienie zależy nie tylko od głębokości, ale też od gęstości cieczy - w słonej wodzie morskiej (większa gęstość) ciśnienie na tej samej głębokości byłoby większe niż w wodzie słodkiej.",pułapka: pominięcie zależności od gęstości cieczy,TAK,odpowiedzi-fizyka-wlasciwosci-materii.csv
83,WLA-B07,5,Właściwości materii,Właściwości materii,B,7,"Dlaczego statek stalowy pływa, a lita bryła stali tonie?","Dlaczego statek stalowy pływa, a lita bryła stali tonie?","Nie liczy się gęstość samego materiału (stali), tylko średnia gęstość całego obiektu - czyli jego całkowita masa podzielona przez całkowitą objętość, jaką zajmuje, łącznie z pustymi przestrzeniami wewnątrz kadłuba wypełnionymi powietrzem. Lita bryła stali ma gęstość ok. 7800 kg/m³, czyli dużo więcej niż woda (1000 kg/m³), więc tonie. Statek ma kształt pustej w środku „miski"" - jego kadłub w dużej mierze wypełniony jest powietrzem, więc przy dużej objętości całkowita masa statku jest stosunkowo mała, a średnia gęstość całego statku jest mniejsza od gęstości wody, dlatego pływa. Pułapka: trzeba odróżnić gęstość materiału, z którego coś jest zrobione, od średniej (efektywnej) gęstości całego przedmiotu.",pułapka: porównywanie gęstości materiału zamiast gęstości średniej całego obiektu,TAK,odpowiedzi-fizyka-wlasciwosci-materii.csv
84,WLA-B08,5,Właściwości materii,Właściwości materii,B,8,"(fakultatywne) Dlaczego kropla wody na liściu jest w miarę kulista, a nie…","(fakultatywne) Dlaczego kropla wody na liściu jest w miarę kulista, a nie się rozlewa?","Cząsteczki wody przyciągają się wzajemnie siłami spójności (kohezji). Cząsteczki wewnątrz kropli są przyciągane ze wszystkich stron równomiernie, natomiast cząsteczki na powierzchni są przyciągane głównie do wnętrza (bo nad nimi nie ma już wody), co sprawia, że powierzchnia kropli zachowuje się jak napięta, elastyczna „błonka"" dążąca do jak najmniejszego pola powierzchni. Dla danej objętości kształtem o najmniejszym polu powierzchni jest kula, dlatego mała kropla przybiera kształt zbliżony do kulistego. Pułapka: sama grawitacja tłumaczyłaby raczej rozlanie się i spłaszczenie kropli, a nie jej kulisty kształt - to właśnie napięcie powierzchniowe „ściąga"" kroplę w kulę; dopiero przy dużych kroplach grawitacja zaczyna je zauważalnie spłaszczać.","pułapka: tłumaczenie wyłącznie grawitacją, pominięcie napięcia powierzchniowego",TAK,odpowiedzi-fizyka-wlasciwosci-materii.csv
85,WLA-B09,5,Właściwości materii,Właściwości materii,B,9,"Jak wyznaczysz gęstość kamienia o nieregularnym kształcie, mając wagę…","Jak wyznaczysz gęstość kamienia o nieregularnym kształcie, mając wagę, cylinder miarowy i wodę?","1) Zważ kamień na wadze, uzyskując jego masę m. 2) Nalej do cylindra miarowego znaną objętość wody i odczytaj poziom V1. 3) Zanurz całkowicie kamień w wodzie i odczytaj nowy poziom wody V2. 4) Objętość kamienia to różnica poziomów: V=V2-V1, bo zanurzony kamień wypiera dokładnie tyle wody, ile wynosi jego własna objętość. 5) Oblicz gęstość ze wzoru d=m/V. Pułapka: przy nieregularnym kształcie nie da się policzyć objętości żadnym wzorem geometrycznym, dlatego trzeba skorzystać z metody wypartej cieczy (zanurzenia).",pułapka: brak pomysłu na metodę wypartej wody,TAK,odpowiedzi-fizyka-wlasciwosci-materii.csv
86,WLA-B10,5,Właściwości materii,Właściwości materii,B,10,Opisz doświadczenie z kartką i szklanką wody pokazujące ciśnienie…,Opisz doświadczenie z kartką i szklanką wody pokazujące ciśnienie atmosferyczne.,"Napełnij szklankę wodą „po brzegi"", przykryj ją od góry kartką papieru dociśniętą tak, by nie było pod nią pęcherzyków powietrza, przytrzymaj kartkę dłonią i szybko odwróć szklankę do góry dnem, po czym puść kartkę. Kartka pozostaje przyklejona do szklanki i woda się nie wylewa, ponieważ ciśnienie atmosferyczne działające na kartkę od dołu (z zewnątrz) jest większe niż ciśnienie panujące wewnątrz szklanki, a ta różnica ciśnień dociska kartkę do szklanki, utrzymując wodę w środku.",,TAK,odpowiedzi-fizyka-wlasciwosci-materii.csv
87,WLA-B11,5,Właściwości materii,Właściwości materii,B,11,Zaproponuj doświadczenie pokazujące napięcie powierzchniowe wody (np. ze…,Zaproponuj doświadczenie pokazujące napięcie powierzchniowe wody (np. ze spinaczem).,"Napełnij naczynie wodą po brzegi, tak by powierzchnia była spokojna. Delikatnie, np. za pomocą widelca lub kawałka papieru, połóż metalowy spinacz płasko na powierzchni wody (nie wrzucaj go, tylko ostrożnie opuszczaj). Mimo że stal jest gęstsza od wody i normalnie by tonęła, spinacz utrzyma się na powierzchni, bo napięta „błonka"" powstała dzięki napięciu powierzchniowemu wody unosi go, zanim zostanie przebita. Jeśli dodamy kroplę płynu do mycia naczyń, napięcie powierzchniowe gwałtownie maleje i spinacz od razu tonie - pokazuje to, że to właśnie napięcie powierzchniowe, a nie wyporność, utrzymywało go na powierzchni.",,TAK,odpowiedzi-fizyka-wlasciwosci-materii.csv
88,WLA-B12,5,Właściwości materii,Właściwości materii,B,12,Jak zademonstrować wzrost ciśnienia hydrostatycznego z głębokością (np…,Jak zademonstrować wzrost ciśnienia hydrostatycznego z głębokością (np. butelka z otworami na różnych wysokościach)?,"Weź plastikową butelkę i zrób w jej ścianie, jeden nad drugim, trzy małe otwory na różnych wysokościach (np. blisko dna, w połowie i blisko góry). Napełnij butelkę wodą (otwory można na chwilę zatkać palcami) i jednocześnie je odsłoń. Strumień wody z najniższego otworu wytryśnie najdalej i najmocniej, ze środkowego słabiej, a z najwyższego najsłabiej. Pokazuje to, że ciśnienie hydrostatyczne, a więc i siła, z jaką woda jest wypychana, rośnie wraz z głębokością - im niżej znajduje się otwór, tym większa kolumna wody znajduje się nad nim.",,TAK,odpowiedzi-fizyka-wlasciwosci-materii.csv
89,WLA-B13,5,Właściwości materii,Właściwości materii,B,13,"Jak wyznaczyć siłę wyporu działającą na zanurzony przedmiot, mając…","Jak wyznaczyć siłę wyporu działającą na zanurzony przedmiot, mając siłomierz i naczynie z wodą?","1) Zawieś przedmiot na siłomierzu w powietrzu i odczytaj jego ciężar w powietrzu F1. 2) Zanurz ten sam przedmiot całkowicie w wodzie, nadal wisząc na siłomierzu i nie dotykając dna ani ścianek naczynia, i odczytaj nowy wskazany ciężar F2 - będzie on mniejszy, bo woda „podpiera"" przedmiot. 3) Siła wyporu to różnica tych dwóch odczytów: Fw=F1-F2, bo tyle „brakuje"" do pełnego ciężaru dzięki wypychaniu przedmiotu przez wodę (zgodnie z prawem Archimedesa siła ta jest równa ciężarowi wypartej przez przedmiot wody).",,TAK,odpowiedzi-fizyka-wlasciwosci-materii.csv
90,WLA-C01,5,Właściwości materii,Właściwości materii,C,1,Kule o tej samej objętości — aluminiowa i ołowiana — wrzucasz do wody…,"Kule o tej samej objętości — aluminiowa i ołowiana — wrzucasz do wody. Oszacuj „na oko"", która zatonie, potem uzasadnij gęstością i prawem Archimedesa.","Na oko: obie kule zatoną, bo zarówno aluminium (ρ≈2700 kg/m³), jak i ołów (ρ≈11 340 kg/m³) mają gęstość większą od wody (1000 kg/m³) - ołów jednak wyraźnie „mocniej"" toczy się na dno, bo jest znacznie gęstszy. Uzasadnienie: siła wyporu przy tej samej objętości zanurzenia jest dla obu kul taka sama, bo Fw=ρwody·g·V zależy tylko od objętości wypartej wody, która jest identyczna dla obu kul. Natomiast ciężar kuli ołowianej jest dużo większy niż kuli aluminiowej, bo mają tę samą objętość, ale różną gęstość (czyli różną masę). W obu przypadkach ciężar przewyższa siłę wyporu, więc obie kule toną - ołowiana opada z relatywnie większą przewagą siły ciężkości nad wyporem, bo różnica jej gęstości względem wody jest większa niż w przypadku aluminium.",,TAK,odpowiedzi-fizyka-wlasciwosci-materii.csv
91,WLA-C02,5,Właściwości materii,Właściwości materii,C,2,"Balonik z helem unosi się w powietrzu. Połącz gęstość, siłę wyporu i siłę…","Balonik z helem unosi się w powietrzu. Połącz gęstość, siłę wyporu i siłę ciężkości, by to wytłumaczyć.","Balonik napełniony helem unosi się, bo hel ma znacznie mniejszą gęstość niż otaczające powietrze. Na balonik działają dwie siły: siła ciężkości (ciężar helu i powłoki balonika, skierowana w dół) oraz siła wyporu, równa ciężarowi powietrza wypartego przez objętość balonika (skierowana w górę, zgodnie z prawem Archimedesa - tu płynem, w którym „zanurzony"" jest balonik, jest powietrze). Ponieważ gęstość helu jest dużo mniejsza od gęstości powietrza, ciężar wypartego powietrza jest większy niż ciężar samego balonika z helem, więc siła wyporu przewyższa siłę ciężkości i wypadkowa siła unosi balonik do góry - aż do wysokości, na której z powodu malejącej gęstości rzadszego powietrza obie siły się zrównają.",,TAK,odpowiedzi-fizyka-wlasciwosci-materii.csv
92,WLA-C03,5,Właściwości materii,Właściwości materii,C,3,Nurkujesz coraz głębiej na basenie. Połącz ciśnienie hydrostatyczne i…,"Nurkujesz coraz głębiej na basenie. Połącz ciśnienie hydrostatyczne i atmosferyczne, opisując łączne ciśnienie na głębokości 3 m.","Na powierzchni wody na nurka działa tylko ciśnienie atmosferyczne, p0≈100 000 Pa (ok. 1013 hPa). Gdy zanurza się na głębokość h=3 m, dochodzi dodatkowo ciśnienie hydrostatyczne słupa wody znajdującego się nad nim: ph=ρwody·g·h≈1000 kg/m³ · 10 m/s² · 3 m=30 000 Pa (dla wody słodkiej). Ciśnienie całkowite (bezwzględne), jakie odczuwa nurek na głębokości 3 m, to suma obu składników: p=p0+ph≈100 000+30 000=130 000 Pa, czyli o ok. 30% więcej niż na powierzchni. Pokazuje to, że pod wodą ciało jest ściskane nie tylko przez atmosferę nad taflą wody, ale też przez samą wodę, a to dodatkowe ciśnienie rośnie proporcjonalnie do głębokości.",,TAK,odpowiedzi-fizyka-wlasciwosci-materii.csv
93,WLA-D01,5,Właściwości materii,Właściwości materii,D,1,"Kolega, pokazując pływający statek ze stali: „Żelazo zawsze tonie, bo jest…","Kolega, pokazując pływający statek ze stali: „Żelazo zawsze tonie, bo jest cięższe od wody"".","Tak, kolega popełnia błąd. To, czy coś tonie czy pływa, nie zależy od tego, czy dany kawałek materiału jest „cięższy"" (ma większą masę) od jakiejś ilości wody, tylko od porównania gęstości: gęstości materiału (a dokładniej średniej gęstości całego obiektu) z gęstością wody. Żelazo jako lita bryła ma gęstość ok. 7800 kg/m³, czyli więcej niż woda (1000 kg/m³), więc lity kawałek żelaza faktycznie tonie. Statek zrobiony ze stali ma jednak kształt pustej w środku powłoki, wypełnionej w dużej mierze powietrzem, więc jego średnia gęstość - cała masa statku podzielona przez całą objętość, jaką zajmuje razem z powietrzem w kadłubie - jest mniejsza od gęstości wody, dlatego pływa. Koledze warto wytłumaczyć, że liczy się stosunek masy do objętości całego obiektu, a nie sam rodzaj materiału ani jego „ciężar"".",zadanie zawiera błąd,TAK,odpowiedzi-fizyka-wlasciwosci-materii.csv
94,WLA-D02,5,Właściwości materii,Właściwości materii,D,2,"Koleżanka: gęstość przy m=500 g, V=250 cm³ obliczyła jako d=250/500=0,5…","Koleżanka: gęstość przy m=500 g, V=250 cm³ obliczyła jako d=250/500=0,5 g/cm³.","Tak, to błąd - koleżanka odwróciła wzór na gęstość. Poprawny wzór to d=m/V, czyli masa podzielona przez objętość, a nie odwrotnie. Podstawiając poprawnie: d=500 g/250 cm³=2 g/cm³. Błędny wynik d=V/m=250/500=0,5 g/cm³ jest po prostu odwrotnością prawidłowej wartości (0,5 to 1/2, podczas gdy poprawna odpowiedź to 2). Warto wytłumaczyć koleżance, że gęstość odpowiada na pytanie „ile gramów materii przypada na 1 cm³"", więc zawsze dzielimy masę (wielkość, o którą pytamy „na jednostkę"") przez objętość (jednostkę odniesienia), a nie odwrotnie.",zadanie zawiera błąd,TAK,odpowiedzi-fizyka-wlasciwosci-materii.csv
95,ELE-A01,6,Elektryczność,Elektryczność,A,1,Czym różni się napięcie od natężenia prądu?,Czym różni się napięcie od natężenia prądu?,"Napięcie (U, jednostka wolt V) to różnica potencjałów elektrycznych między dwoma punktami obwodu - mówi, jaką pracę wykonuje pole elektryczne, przesuwając jednostkowy ładunek między tymi punktami; to ""siła napędowa"" prądu. Natężenie (I, jednostka amper A) to ilość ładunku przepływającego przez przekrój przewodnika w jednostce czasu - mówi, jak szybko faktycznie płynie prąd. Napięcie jest przyczyną, a natężenie skutkiem (przy danym oporze, co opisuje prawo Ohma: I=U/R).",,TAK,odpowiedzi-fizyka-elektrycznosc.csv
96,ELE-A02,6,Elektryczność,Elektryczność,A,2,"Dlaczego ciała elektryzują się przez potarcie, a nie przez samo dotknięcie…","Dlaczego ciała elektryzują się przez potarcie, a nie przez samo dotknięcie bez tarcia?","Tarcie zwiększa powierzchnię i czas kontaktu między materiałami, dzięki czemu słabo związane elektrony z powierzchni jednego ciała skutecznie przechodzą na drugie (materiały izolacyjne różnią się ""chęcią"" oddawania/przyjmowania elektronów). Samo krótkie dotknięcie bez tarcia daje zbyt mały i zbyt krótki kontakt powierzchniowy, żeby doszło do znaczącego przeniesienia elektronów - ładunek, który się przenosi, jest wtedy zbyt mały, żeby dało się go zaobserwować.",,TAK,odpowiedzi-fizyka-elektrycznosc.csv
97,ELE-B01,6,Elektryczność,Elektryczność,B,1,Potarta o wełnę linijka przyciąga skrawki papieru. Wytłumacz to…,Potarta o wełnę linijka przyciąga skrawki papieru. Wytłumacz to przemieszczaniem elektronów.,"Podczas tarcia elektrony przechodzą z wełny na linijkę (lub odwrotnie, zależnie od materiałów) - linijka zyskuje nadmiar elektronów i staje się naładowana ujemnie, a wełna traci elektrony i staje się naładowana dodatnio. Papier sam nie jest naładowany, ale w polu elektrycznym linijki elektrony w papierze przesuwają się (polaryzacja/indukcja) tak, że strona bliżej linijki gromadzi ładunek przeciwnego znaku - to wystarcza, by siła przyciągania (bliższy, przeciwny ładunek) przeważyła nad siłą odpychania (dalszy ładunek tego samego znaku), i papier jest przyciągany. Kluczowe: żadne nowe ładunki nie powstają z niczego - tylko elektrony przemieszczają się z jednego ciała na drugie, a całkowity ładunek układu linijka+wełna się zachowuje.",nowe ładunki vs przemieszczenie elektronów,TAK,odpowiedzi-fizyka-elektrycznosc.csv
98,ELE-B02,6,Elektryczność,Elektryczność,B,2,Dwa naelektryzowane balony po potarciu o włosy się odpychają. Co to mówi o…,Dwa naelektryzowane balony po potarciu o włosy się odpychają. Co to mówi o znaku ich ładunków?,"Balony potarte o te same włosy nabierają ładunku tego samego znaku (np. oba ujemnego, bo elektrony przechodzą z włosów na gumę w tym samym kierunku). To, że balony się odpychają, potwierdza właśnie to - ładunki jednoimienne (tego samego znaku) odpychają się, a ładunki różnoimienne (przeciwnych znaków) przyciągają się. Trzeba pamiętać kierunek tej reguły: SAME znaki = odpychanie, RÓŻNE znaki = przyciąganie - łatwo je pomylić.",znak ładunku a przyciąganie/odpychanie,TAK,odpowiedzi-fizyka-elektrycznosc.csv
99,ELE-B03,6,Elektryczność,Elektryczność,B,3,"Podaj przykład przewodnika i izolatora z domu, wyjaśnij różnicę w…","Podaj przykład przewodnika i izolatora z domu, wyjaśnij różnicę w przemieszczaniu ładunków.","Przewodnik: np. metalowa łyżka lub drut - ma swobodne elektrony (elektrony walencyjne w metalu nie są związane z konkretnym atomem), które łatwo przemieszczają się pod wpływem pola elektrycznego, przewodząc ładunek. Izolator: np. plastikowa linijka lub gumka - elektrony są tam silnie związane z atomami/molekułami i nie mogą się swobodnie przemieszczać, więc ładunek nie przepływa, a jedynie może się lokalnie gromadzić w miejscu potarcia. Ważne: przewodnictwo NIE zależy od tego, czy materiał wygląda metalicznie albo jest twardy - np. twarde drewno jest izolatorem, a miękki, niemetaliczny grafit (np. w ołówku) jest przewodnikiem; decyduje struktura elektronowa materiału, nie jego wygląd czy twardość.",przewodnictwo vs wygląd/twardość,TAK,odpowiedzi-fizyka-elektrycznosc.csv
100,ELE-B04,6,Elektryczność,Elektryczność,B,4,Naelektryzowana ujemnie pałeczka zbliżona do neutralnej kulki metalowej…,Naelektryzowana ujemnie pałeczka zbliżona do neutralnej kulki metalowej powoduje przesunięcie ładunków. Opisz zachowanie elektronów w kulce.,"Ujemnie naładowana pałeczka zbliżona (bez dotyku) do neutralnej metalowej kulki odpycha swobodne elektrony w kulce - elektrony przesuwają się na stronę kulki dalszą od pałeczki, a strona bliższa pałeczce zostaje z niedomiarem elektronów, czyli ładunkiem dodatnim indukowanym. Kulka jako całość wciąż jest elektrycznie neutralna (tyle samo elektronów co protonów), ale ładunek jest rozłożony niesymetrycznie - to jest zjawisko indukcji elektrostatycznej. Kluczowe: to zjawisko zachodzi BEZ kontaktu fizycznego - samo pole elektryczne pałeczki wystarcza, aby przesunąć elektrony w przewodniku.",indukcja bez kontaktu,TAK,odpowiedzi-fizyka-elektrycznosc.csv
101,ELE-B05,6,Elektryczność,Elektryczność,B,5,Dlaczego listki elektroskopu rozchylają się przy zbliżeniu…,Dlaczego listki elektroskopu rozchylają się przy zbliżeniu naelektryzowanego przedmiotu?,"Listki elektroskopu są elektrycznie połączone z metalowym trzonkiem/talerzykiem. Gdy zbliżamy naładowany przedmiot, w trzonku i listkach dochodzi do indukcji elektrostatycznej, w wyniku której na obu listkach gromadzi się ładunek tego samego znaku (bo indukcja działa jednakowo na całą połączoną metalową część). Ponieważ oba listki mają ładunek TEGO SAMEGO znaku, odpychają się wzajemnie i dlatego się rozchylają. Kluczowe jest właśnie to, że listki nie są przyciągane przez zbliżony przedmiot, a rozchylają się, bo odpychają się nawzajem, mając ten sam znak ładunku.",listki mają ten sam znak,TAK,odpowiedzi-fizyka-elektrycznosc.csv
102,ELE-B06,6,Elektryczność,Elektryczność,B,6,Ładunek ciała to 5-krotność ładunku elementarnego. Co to znaczy w liczbie…,Ładunek ciała to 5-krotność ładunku elementarnego. Co to znaczy w liczbie elektronów?,"Ładunek elementarny to najmniejsza możliwa ""porcja"" ładunku elektrycznego - ładunek pojedynczego elektronu lub protonu (e ≈ 1,6·10⁻¹⁹ C). Jeśli ładunek ciała wynosi 5-krotność ładunku elementarnego, to ciało ma nadmiar (lub niedomiar) dokładnie 5 elektronów - czyli różnica między liczbą elektronów i protonów w tym ciele to 5. Ważne rozróżnienie: kulomb (C) to jednostka ładunku w układzie SI, a ładunek elementarny to konkretna, bardzo mała wartość ładunku - ""5-krotność ładunku elementarnego"" oznacza 5 elektronów, a nie 5 kulombów (to byłaby ogromna, nierealistyczna liczba elektronów).",ładunek elementarny vs kulomb,TAK,odpowiedzi-fizyka-elektrycznosc.csv
103,ELE-B07,6,Elektryczność,Elektryczność,B,7,Czym różni się przepływ prądu w metalu od przepływu w roztworze soli?,Czym różni się przepływ prądu w metalu od przepływu w roztworze soli?,"W metalu prąd to uporządkowany ruch swobodnych elektronów (ładunki ujemne) - umownie mówimy, że prąd ""płynie"" w kierunku przeciwnym do ich ruchu. W roztworze soli (elektrolicie) nośnikami prądu są jony - dodatnie kationy poruszają się w jedną stronę, a ujemne aniony w drugą, i obie te wędrówki jonów razem tworzą przepływ prądu. Kluczowe: prąd elektryczny to ogólnie uporządkowany ruch nośników ładunku, a nośnikami nie muszą być elektrony - w elektrolitach (i np. w gazach czy plazmie) są to jony.",nośniki prądu: elektrony vs jony,TAK,odpowiedzi-fizyka-elektrycznosc.csv
104,ELE-B08,6,Elektryczność,Elektryczność,B,8,Przez przewodnik w 5 s przepłynął ładunek 10 C. Oblicz natężenie.,Przez przewodnik w 5 s przepłynął ładunek 10 C. Oblicz natężenie.,"Ze wzoru na natężenie prądu: I = Q/t = 10 C / 5 s = 2 A. Trzeba pamiętać, że wzór to I=Q/t (natężenie = ładunek podzielony przez czas), a nie Q·t czy t/Q, oraz że wynikowa jednostka to amper (A) - pomylenie wzoru albo jednostki dałoby błędny wynik, np. 50 (przy mnożeniu) zamiast poprawnych 2 A.",wzór I=Q/t,TAK,odpowiedzi-fizyka-elektrycznosc.csv
105,ELE-B09,6,Elektryczność,Elektryczność,B,9,"Dlaczego bateria 9 V przekazuje więcej energii ładunkowi niż bateria 1,5…","Dlaczego bateria 9 V przekazuje więcej energii ładunkowi niż bateria 1,5 V, przy tym samym ładunku?","Napięcie mówi, jaką energię (pracę) źródło przekazuje każdej jednostce ładunku, zgodnie ze wzorem W = U·Q. Przy tym samym ładunku Q, bateria 9 V przekazuje mu 9 razy więcej energii na każdy kulomb ładunku niż bateria 1,5 V, więc i łączna energia (praca) jest większa - większe U przy tym samym Q daje większe W. Kluczowe: to napięcie (nie natężenie) decyduje o tym, ile energii przypada na jednostkę ładunku; natężenie mówi tylko, jak szybko płynie ładunek, a nie ile energii on ze sobą niesie.",napięcie vs natężenie (energia na ładunek),TAK,odpowiedzi-fizyka-elektrycznosc.csv
106,ELE-B10,6,Elektryczność,Elektryczność,B,10,Żarówka 60 W świeci 2 min. Oblicz pracę prądu w dżulach.,Żarówka 60 W świeci 2 min. Oblicz pracę prądu w dżulach.,"Najpierw trzeba zamienić czas na sekundy: 2 min = 120 s. Praca prądu: W = P·t = 60 W · 120 s = 7200 J. Kluczowe: jednostką czasu we wzorze W=P·t musi być sekunda (bo wat to dżul na sekundę, J/s) - jeśli pominie się zamianę minut na sekundy i wstawi 2 zamiast 120, wynik będzie 60x za mały (120 J zamiast 7200 J).",zamiana minut na sekundy,TAK,odpowiedzi-fizyka-elektrycznosc.csv
107,ELE-B11,6,Elektryczność,Elektryczność,B,11,Podaj przykład odbiornika zamieniającego energię elektryczną głównie na…,Podaj przykład odbiornika zamieniającego energię elektryczną głównie na świetlną i na cieplną.,"Żarówka (tradycyjna, żarowa) zamienia energię elektryczną głównie na energię świetlną (i sporo na energię cieplną jako efekt niepożądany, przez co się nagrzewa). Grzejnik elektryczny lub czajnik zamienia energię elektryczną głównie na energię cieplną - to jest jego zamierzone zadanie, a nie efekt niepożądany. Kluczowe: to są ODBIORNIKI energii elektrycznej, czyli elementy zamieniające energię elektryczną na inną formę, a nie ŹRÓDŁA - źródło (np. bateria) wytwarza/dostarcza energię elektryczną, np. z energii chemicznej, i to jest zupełnie inna rola w obwodzie.",źródło vs odbiornik energii,TAK,odpowiedzi-fizyka-elektrycznosc.csv
108,ELE-B12,6,Elektryczność,Elektryczność,B,12,Przez opornik 5 Ω płynie prąd 2 A. Oblicz napięcie.,Przez opornik 5 Ω płynie prąd 2 A. Oblicz napięcie.,"Z prawa Ohma: U = I·R = 2 A · 5 Ω = 10 V. Kluczowe: prawo Ohma w tej formie to U=I·R (napięcie równa się natężenie razy opór), a nie U=I/R - podzielenie zamiast pomnożenia dałoby błędny wynik (0,4 V zamiast poprawnych 10 V).",prawo Ohma: U=I·R,TAK,odpowiedzi-fizyka-elektrycznosc.csv
109,ELE-B13,6,Elektryczność,Elektryczność,B,13,"Opisz schemat obwodu ze źródłem, żarówką i wyłącznikiem — gdzie umieścisz…","Opisz schemat obwodu ze źródłem, żarówką i wyłącznikiem — gdzie umieścisz amperomierz, a gdzie woltomierz?","W obwodzie ze źródłem, żarówką i wyłącznikiem: amperomierz mierzy natężenie prądu płynącego przez element, więc musi być podłączony SZEREGOWO w głównym ""łańcuchu"" obwodu (np. między źródłem/wyłącznikiem a żarówką), tak żeby cały mierzony prąd przepływał również przez niego. Woltomierz mierzy różnicę potencjałów (napięcie) na danym elemencie, więc musi być podłączony RÓWNOLEGLE do tego elementu (np. równolegle do żarówki), tworząc dodatkową, boczną odnogę obwodu. Kluczowe: to jest odwrotnie niż mogłoby się intuicyjnie wydawać - amperomierz szeregowo, woltomierz równolegle; zapamiętanie tego na odwrót to częsty błąd.","amperomierz szeregowo, woltomierz równolegle",TAK,odpowiedzi-fizyka-elektrycznosc.csv
110,ELE-B14,6,Elektryczność,Elektryczność,B,14,(fakultatywne) Do czego służy bezpiecznik przeciążeniowy i co by się stało…,(fakultatywne) Do czego służy bezpiecznik przeciążeniowy i co by się stało bez niego?,"Bezpiecznik przeciążeniowy automatycznie przerywa (rozłącza) obwód, gdy natężenie prądu przekroczy bezpieczną wartość, np. przy zbyt dużym obciążeniu sieci lub zwarciu. Bez niego zbyt duży prąd mógłby przegrzać przewody, uszkodzić je, doprowadzić do zapłonu izolacji, a w efekcie do pożaru. Kluczowe: bezpiecznik NIE służy do izolowania przewodów (od tego jest izolacja/otoczka przewodu) - jego zadaniem jest przerwanie obwodu przy nadmiernym prądzie, co jest zupełnie inną funkcją niż izolacja elektryczna.",bezpiecznik vs izolacja,TAK,odpowiedzi-fizyka-elektrycznosc.csv
111,ELE-B15,6,Elektryczność,Elektryczność,B,15,"Jak sprawdzić elektroskopem, czy przedmiot jest naelektryzowany?","Jak sprawdzić elektroskopem, czy przedmiot jest naelektryzowany?","Zbliżamy badany przedmiot do (nienaładowanego) elektroskopu bez dotykania go. Jeśli przedmiot jest naelektryzowany, jego pole elektryczne wywoła indukcję w elektroskopie i listki rozejdą się (im większy ładunek przedmiotu, tym bardziej się rozchylą). Jeśli listki się nie ruszają albo ruszają bardzo słabo, przedmiot jest praktycznie nienaładowany. Alternatywnie można dotknąć przedmiotem wcześniej naładowanego elektroskopu i sprawdzić, jak zmienia się rozchylenie listków (zwiększa się, jeśli przedmiot ma ten sam znak ładunku, zmniejsza się lub znika, jeśli ma znak przeciwny).",,TAK,odpowiedzi-fizyka-elektrycznosc.csv
112,ELE-B16,6,Elektryczność,Elektryczność,B,16,Zaproponuj doświadczenie pokazujące wzajemne oddziaływanie dwóch…,Zaproponuj doświadczenie pokazujące wzajemne oddziaływanie dwóch naelektryzowanych przedmiotów.,"Można potrzeć dwa balony o włosy/wełnę (naładują się tym samym znakiem, np. ujemnym), zawiesić jeden na nitce i przybliżyć do niego drugi - balony odepchną się, co pokazuje oddziaływanie dwóch ładunków tego samego znaku. Inny wariant: potrzeć szklaną pałeczkę o materiał, który ładuje ją dodatnio, i plastikową pałeczkę, która ładuje się ujemnie, zawiesić jedną z nich na nitce i zbliżyć drugą - pałeczki przyciągną się, co pokazuje oddziaływanie ładunków różnych znaków.",,TAK,odpowiedzi-fizyka-elektrycznosc.csv
113,ELE-B17,6,Elektryczność,Elektryczność,B,17,"Mając baterię, żarówkę i przewody — jak sprawdzić, czy przedmiot jest…","Mając baterię, żarówkę i przewody — jak sprawdzić, czy przedmiot jest przewodnikiem czy izolatorem?","Łączymy baterię, żarówkę i badany przedmiot w jeden obwód szeregowy, tak że przedmiot jest jednym z elementów zamykających ten obwód (przewody prowadzą od baterii przez żarówkę do przedmiotu i z powrotem do baterii). Jeśli żarówka się zaświeci, przedmiot jest przewodnikiem (przewodzi prąd i zamyka obwód). Jeśli żarówka nie świeci, przedmiot jest izolatorem (nie przewodzi prądu, obwód jest przerwany).",,TAK,odpowiedzi-fizyka-elektrycznosc.csv
114,ELE-B18,6,Elektryczność,Elektryczność,B,18,"Co się stanie, jeśli w prostym obwodzie zapomnisz podłączyć jeden przewód?","Co się stanie, jeśli w prostym obwodzie zapomnisz podłączyć jeden przewód?","Jeśli w prostym obwodzie (bateria-żarówka-przewody) zabraknie jednego przewodu, obwód nie jest zamknięty w pełną pętlę, czyli jest przerwany. Prąd nie może wtedy płynąć przez obwód, więc żarówka się nie zaświeci, mimo że sama bateria i żarówka są sprawne - przepływ prądu wymaga zamkniętej, nieprzerwanej drogi dla ładunków.",,TAK,odpowiedzi-fizyka-elektrycznosc.csv
115,ELE-B19,6,Elektryczność,Elektryczność,B,19,"Zmierzyłeś U=6 V i I=0,5 A na oporniku. Oblicz opór.","Zmierzyłeś U=6 V i I=0,5 A na oporniku. Oblicz opór.","Z prawa Ohma: R = U/I = 6 V / 0,5 A = 12 Ω. Kluczowe: wzór to R=U/I (opór równa się napięcie podzielone przez natężenie), a nie R=U·I - pomylenie tych wzorów dałoby błędny wynik (3 Ω zamiast poprawnych 12 Ω).",wzór R=U/I,TAK,odpowiedzi-fizyka-elektrycznosc.csv
116,ELE-C01,6,Elektryczność,Elektryczność,C,1,"Bateria 9 V zasila żarówkę o oporze 3 Ω. Oszacuj „na oko"", czy natężenie…","Bateria 9 V zasila żarówkę o oporze 3 Ω. Oszacuj „na oko"", czy natężenie będzie małe czy duże, potem policz z prawa Ohma.","Szacunek ""na oko"": napięcie 9 V przy stosunkowo małym oporze 3 Ω sugeruje, że natężenie będzie dość duże (im mniejszy opór przy danym napięciu, tym większy prąd - I=U/R). Obliczenie z prawa Ohma: I = U/R = 9 V / 3 Ω = 3 A - to potwierdza szacunek, prąd jest rzeczywiście dość duży. Pytanie sprawdzało umiejętność jakościowego przewidywania na podstawie zależności I~1/R oraz umiejętność dokładnego wyliczenia wartości z prawa Ohma.",,TAK,odpowiedzi-fizyka-elektrycznosc.csv
117,ELE-C02,6,Elektryczność,Elektryczność,C,2,Grzejnik przy 230 V pobiera 4 A. Połącz obliczenie mocy i pracy prądu w…,Grzejnik przy 230 V pobiera 4 A. Połącz obliczenie mocy i pracy prądu w ciągu 10 minut.,"Moc: P = U·I = 230 V · 4 A = 920 W. Czas trzeba zamienić na sekundy: 10 min = 600 s. Praca prądu: W = P·t = 920 W · 600 s = 552000 J, czyli 552 kJ. Pytanie sprawdzało umiejętność połączenia dwóch wzorów - obliczenia mocy z napięcia i natężenia, a następnie pracy prądu z mocy i czasu, z pamiętaniem o zamianie minut na sekundy.",,TAK,odpowiedzi-fizyka-elektrycznosc.csv
118,ELE-C03,6,Elektryczność,Elektryczność,C,3,Naelektryzowana pałeczka przyciąga nienaelektryzowaną kulkę na nitce…,Naelektryzowana pałeczka przyciąga nienaelektryzowaną kulkę na nitce. Połącz indukcję elektrostatyczną z regułą oddziaływania ładunków.,"Naładowana pałeczka wywołuje w neutralnej kulce zjawisko indukcji elektrostatycznej - elektrony w kulce przesuwają się tak, że strona bliższa pałeczce zyskuje ładunek przeciwnego znaku do pałeczki, a strona dalsza pozostaje z ładunkiem tego samego znaku co pałeczka. Zgodnie z regułą oddziaływania ładunków (różne znaki przyciągają się, te same odpychają), bliższa strona kulki jest silniej przyciągana niż dalsza strona jest odpychana, bo jest bliżej pałeczki - siła przyciągania przeważa, więc cała kulka zostaje przyciągnięta do pałeczki, mimo że jako całość jest elektrycznie neutralna. Pytanie integrowało zrozumienie indukcji elektrostatycznej z regułą przyciągania/odpychania ładunków.",,TAK,odpowiedzi-fizyka-elektrycznosc.csv
119,ELE-D01,6,Elektryczność,Elektryczność,D,1,"Kolega: I=U·R=10·20=200 A dla R=10 Ω, U=20 V.","Kolega: I=U·R=10·20=200 A dla R=10 Ω, U=20 V.","Kolega popełnił błąd. Prawidłowy wzór z prawa Ohma to I = U/R, a nie I = U·R. Poprawne obliczenie: I = 20 V / 10 Ω = 2 A. Aby wytłumaczyć koledze błąd, warto pokazać, że prawo Ohma łączy te trzy wielkości wzorem U=I·R, więc żeby wyliczyć I, trzeba przekształcić ten wzór i podzielić U przez R, a nie pomnożyć - pomnożenie dało błędnie zawyżony, fizycznie nierealistyczny wynik 200 A.",zadanie zawiera błąd,TAK,odpowiedzi-fizyka-elektrycznosc.csv
120,ELE-D02,6,Elektryczność,Elektryczność,D,2,"Koleżanka: „Im wyższe napięcie baterii, tym zawsze większy prąd…","Koleżanka: „Im wyższe napięcie baterii, tym zawsze większy prąd, niezależnie od oporu"".","Koleżanka popełniła błąd - to stwierdzenie jest nieprawdziwe w tej ogólnej formie. Zgodnie z prawem Ohma (I=U/R) natężenie prądu zależy od napięcia ORAZ od oporu - wyższe napięcie przy tym samym oporze faktycznie daje większy prąd, ale jeśli jednocześnie zmienia się (np. rośnie) opór, prąd może się nie zwiększyć, a nawet zmniejszyć. Trzeba wytłumaczyć koleżance, że napięcie i opór działają razem w tym wzorze - nie można mówić o wielkości prądu, patrząc tylko na napięcie i ignorując opór obwodu.",zadanie zawiera błąd,TAK,odpowiedzi-fizyka-elektrycznosc.csv
121,ELE-D03,6,Elektryczność,Elektryczność,D,3,"Kolega podłączył amperomierz równolegle, a woltomierz szeregowo.","Kolega podłączył amperomierz równolegle, a woltomierz szeregowo.","Kolega popełnił błąd - amperomierz i woltomierz są podłączone odwrotnie do właściwych zasad. Amperomierz (mierzy natężenie) powinien być podłączony SZEREGOWO w obwodzie, a woltomierz (mierzy napięcie) powinien być podłączony RÓWNOLEGLE do badanego elementu. W opisanej sytuacji jest odwrotnie, co jest błędne, a w praktyce może być nawet niebezpieczne - amperomierz podłączony równolegle (mający bardzo mały opór wewnętrzny) mógłby spowodować efektywne zwarcie i uszkodzenie przyrządu lub obwodu.",zadanie zawiera błąd,TAK,odpowiedzi-fizyka-elektrycznosc.csv
122,MAG-A01,7,Magnetyzm,Magnetyzm,A,1,"Dlaczego magnes zawsze ma dwa bieguny, których nie da się „rozdzielić”…","Dlaczego magnes zawsze ma dwa bieguny, których nie da się „rozdzielić” przełamując go na pół?","Magnetyzm magnesu trwałego wynika z uporządkowania mikroskopowych domen magnetycznych w całej jego objętości - każda domena, nawet bardzo mała, ma zawsze swój własny biegun N i S, bo linie pola magnetycznego są zawsze zamknięte (wychodzą z jednego bieguna i wracają do drugiego). Gdy przełamiemy magnes na pół, każda z części zachowuje to samo wewnętrzne uporządkowanie domen, więc od razu tworzy własny, kompletny układ biegunów N i S. Nie da się więc fizycznie wyodrębnić samego N bez S - są one nierozłącznym efektem tej samej struktury pola.",,TAK,odpowiedzi-fizyka-magnetyzm.csv
123,MAG-A02,7,Magnetyzm,Magnetyzm,A,2,Na czym polega związek między prądem a magnetyzmem?,Na czym polega związek między prądem a magnetyzmem?,"Przepływający prąd elektryczny (uporządkowany ruch ładunków) wytwarza wokół siebie pole magnetyczne. Każdy przewodnik, przez który płynie prąd, staje się źródłem pola magnetycznego krążącego wokół niego - zwinięty w cewkę, wzmacnia to pole i zachowuje się jak magnes (elektromagnes). Elektryczność i magnetyzm są więc dwoma powiązanymi aspektami jednego zjawiska - elektromagnetyzmu, a nie dwoma niezależnymi od siebie zjawiskami.",,TAK,odpowiedzi-fizyka-magnetyzm.csv
124,MAG-B01,7,Magnetyzm,Magnetyzm,B,1,Dwa magnesy zbliżone jednoimiennymi biegunami odpychają się. Co się stanie…,Dwa magnesy zbliżone jednoimiennymi biegunami odpychają się. Co się stanie po odwróceniu jednego?,"Jeśli odwrócimy jeden z magnesów, zbliżone będą teraz bieguny różnoimienne (np. N i S), a różnoimienne bieguny przyciągają się - zamiast odpychania nastąpi przyciąganie. Pułapka: „jednoimienny” odnosi się do TYPU bieguna (N-N albo S-S), a nie do koloru czy oznaczenia farbą na magnesie - dwa magnesy mogą mieć różne oznaczenia kolorystyczne, ale liczy się to, czy zbliżamy do siebie ten sam typ bieguna (N do N, S do S) czy różne (N do S).",jednoimienny biegun vs kolor oznaczenia,TAK,odpowiedzi-fizyka-magnetyzm.csv
125,MAG-B02,7,Magnetyzm,Magnetyzm,B,2,Dlaczego igła kompasu zawsze ustawia się północ-południe?,Dlaczego igła kompasu zawsze ustawia się północ-południe?,"Ziemia sama zachowuje się jak ogromny magnes, mający swoje bieguny magnetyczne - igła kompasu (mały magnes, swobodnie obracający się) ustawia się w polu magnetycznym Ziemi tak, że jej biegun N wskazuje w stronę bieguna magnetycznego Ziemi leżącego blisko geograficznego bieguna północnego, a biegun S igły - w stronę przeciwną. Pułapka: biegun magnetyczny Ziemi (na który reaguje kompas) nie jest identyczny z geograficznym biegunem północnym/południowym (osią obrotu Ziemi) - są blisko siebie, ale to dwa różne punkty.",biegun geograficzny vs magnetyczny,TAK,odpowiedzi-fizyka-magnetyzm.csv
126,MAG-B03,7,Magnetyzm,Magnetyzm,B,3,"Dlaczego magnes przyciąga spinacz, ale nie monetę aluminiową?","Dlaczego magnes przyciąga spinacz, ale nie monetę aluminiową?","Magnes silnie przyciąga materiały ferromagnetyczne, takie jak żelazo, stal, nikiel czy kobalt - spinacz jest zrobiony ze stali (zawiera żelazo), więc reaguje na pole magnetyczne. Aluminium (podobnie jak wiele innych metali, np. miedź czy złoto) nie jest ferromagnetykiem - jego atomy nie ustawiają się w sposób wzmacniający pole magnesu, więc moneta aluminiowa praktycznie nie jest przyciągana. Pułapka: NIE każdy metal jest przyciągany przez magnes - przyciąganie zależy od konkretnej struktury elektronowej materiału (ferromagnetyzm), a nie od samego faktu, że coś jest metalem.",nie każdy metal jest ferromagnetykiem,TAK,odpowiedzi-fizyka-magnetyzm.csv
127,MAG-B04,7,Magnetyzm,Magnetyzm,B,4,"Igła kompasu blisko przewodnika, przez który puszczasz prąd. Co…","Igła kompasu blisko przewodnika, przez który puszczasz prąd. Co zaobserwujesz?","Gdy przez przewodnik płynie prąd, wokół niego powstaje pole magnetyczne, które oddziałuje na igłę kompasu w pobliżu - igła odchyli się od swojego normalnego ustawienia północ-południe, ustawiając się zgodnie z kierunkiem pola magnetycznego wytworzonego przez prąd (kierunek odchylenia zależy od kierunku przepływu prądu). Pułapka: sam przewodnik, przez który NIE płynie prąd, nie wytwarza pola magnetycznego i nie wpływa na igłę - to dopiero przepływający prąd jest źródłem tego pola; sam metal przewodnika (jeśli nie jest ferromagnetykiem) nie ma na igłę żadnego wpływu.",przewodnik działa tylko z prądem,TAK,odpowiedzi-fizyka-magnetyzm.csv
128,MAG-B05,7,Magnetyzm,Magnetyzm,B,5,Dlaczego elektromagnes przestaje przyciągać po wyłączeniu prądu?,Dlaczego elektromagnes przestaje przyciągać po wyłączeniu prądu?,"Pole magnetyczne elektromagnesu powstaje dzięki płynącemu przez zwoje drutu prądowi - to prąd jest źródłem tego pola (ewentualnie wzmacnianego przez rdzeń ferromagnetyczny, np. gwóźdź, wewnątrz zwojów). Kiedy wyłączymy prąd, źródło pola zanika, a miękki ferromagnetyczny rdzeń (jak zwykłe żelazo) sam prawie nie zachowuje trwałego namagnesowania, więc elektromagnes przestaje przyciągać. Pułapka: to zasadnicza różnica względem magnesu trwałego - magnes trwały ma pole magnetyczne „wbudowane” w swoją strukturę i działa bez zasilania, a elektromagnes potrzebuje ciągłego przepływu prądu, żeby działać.",elektromagnes vs magnes trwały,TAK,odpowiedzi-fizyka-magnetyzm.csv
129,MAG-B06,7,Magnetyzm,Magnetyzm,B,6,(fakultatywne) Jaką rolę pełni oddziaływanie magnetyczne w silniku…,(fakultatywne) Jaką rolę pełni oddziaływanie magnetyczne w silniku elektrycznym?,"W silniku elektrycznym przez zwojnicę (uzwojenie) umieszczoną w polu magnetycznym (np. między biegunami magnesów) płynie prąd - pole magnetyczne działa siłą na przewodnik z prądem (siła wynikająca z oddziaływania pola magnetycznego z ruchem ładunków w przewodniku). Ta siła powoduje obrót zwojnicy (wirnika); dzięki odpowiedniej konstrukcji (komutator/szczotki) kierunek prądu w zwojnicy jest cyklicznie zmieniany, tak że siła stale wywołuje obrót w tym samym kierunku, zamieniając energię elektryczną na energię mechaniczną ruchu obrotowego. Pułapka: nie wystarczy powiedzieć, że „magnes działa na prąd” w ogólny sposób - kluczowe jest wskazanie, że to siła wynikająca z oddziaływania pola magnetycznego z przewodnikiem, przez który płynie prąd, powoduje ruch (obrót), a nie samo sąsiadowanie pola i prądu.",opis mechanizmu silnika (siła pole-prąd),TAK,odpowiedzi-fizyka-magnetyzm.csv
130,MAG-B07,7,Magnetyzm,Magnetyzm,B,7,Jak zademonstrować zachowanie igły w pobliżu magnesu trwałego?,Jak zademonstrować zachowanie igły w pobliżu magnesu trwałego?,"Można umieścić kompas (lub swobodnie wiszącą magnetyczną igłę) w pewnej odległości od magnesu trwałego i obserwować, jak igła zmienia swoje ustawienie, „śledząc” kierunek linii pola magnetycznego magnesu - przy przesuwaniu magnesu wokół kompasu igła obraca się, wskazując kierunek zgodny z lokalnym polem. Przy zbliżaniu magnesu efekt jest silniejszy (większe odchylenie), przy odsuwaniu - słabszy, aż igła wraca do ustawienia północ-południe zgodnego z polem magnetycznym Ziemi.",,TAK,odpowiedzi-fizyka-magnetyzm.csv
131,MAG-B08,7,Magnetyzm,Magnetyzm,B,8,Opisz doświadczenie pokazujące wpływ przewodnika z prądem na igłę…,Opisz doświadczenie pokazujące wpływ przewodnika z prądem na igłę magnetyczną.,"Umieszczamy prosty przewodnik (drut) równolegle nad (lub pod) igłą kompasu, tak by w spoczoju igła wskazywała kierunek północ-południe zgodny z ułożeniem przewodnika. Po podłączeniu przewodnika do baterii i puszczeniu przez niego prądu, igła odchyla się od pierwotnego kierunku - to pokazuje, że przepływający prąd wytworzył wokół przewodnika pole magnetyczne, które oddziałuje na igłę. Po zmianie kierunku prądu (odwróceniu biegunów baterii) igła odchyli się w przeciwną stronę.",,TAK,odpowiedzi-fizyka-magnetyzm.csv
132,MAG-C01,7,Magnetyzm,Magnetyzm,C,1,Elektromagnes z gwoździa i drutu podłączony do baterii przyciąga spinacze…,"Elektromagnes z gwoździa i drutu podłączony do baterii przyciąga spinacze. Połącz prąd, pole magnetyczne i oddziaływanie na materiały magnetyczne.","Prąd płynący przez zwoje drutu owinięte wokół gwoździa wytwarza wokół drutu pole magnetyczne; ponieważ drut jest zwinięty w cewkę, pola magnetyczne poszczególnych zwojów sumują się, tworząc silniejsze, skoncentrowane pole na osi cewki. Gwóźdź, będący ferromagnetykiem (zawiera żelazo), wzmacnia to pole, sam ulegając namagnesowaniu na czas przepływu prądu - cała konstrukcja zachowuje się jak magnes (elektromagnes). To pole magnetyczne oddziałuje na spinacze (też ferromagnetyczne), wciągając je - łańcuch przyczynowo-skutkowy: prąd → pole magnetyczne wokół drutu i w cewce → namagnesowanie ferromagnetycznego gwoździa → przyciąganie innych materiałów ferromagnetycznych przez wytworzone pole.",,TAK,odpowiedzi-fizyka-magnetyzm.csv
133,MAG-C02,7,Magnetyzm,Magnetyzm,C,2,"Oszacuj „na oko”, co stanie się z siłą przyciągania elektromagnesu przy…","Oszacuj „na oko”, co stanie się z siłą przyciągania elektromagnesu przy zwiększeniu natężenia prądu, potem uzasadnij.","Szacunek „na oko”: większy prąd powinien dać silniejsze przyciąganie, bo intuicyjnie „więcej prądu = więcej magnetyzmu”. Uzasadnienie: pole magnetyczne wytwarzane przez zwoje z prądem jest silniejsze, gdy większy jest prąd płynący przez te zwoje (siła pola magnetycznego elektromagnesu rośnie ze wzrostem natężenia prądu) - a silniejsze pole magnetyczne oznacza silniejsze oddziaływanie na materiały ferromagnetyczne, czyli większą siłę przyciągania spinaczy czy innych przedmiotów żelaznych. To potwierdza wcześniejszy szacunek: zwiększenie natężenia prądu zwiększa siłę przyciągania elektromagnesu.",,TAK,odpowiedzi-fizyka-magnetyzm.csv
134,MAG-D01,7,Magnetyzm,Magnetyzm,D,1,Kolega: „Rozłamanie magnesu da mi osobny biegun N i osobny S”.,Kolega: „Rozłamanie magnesu da mi osobny biegun N i osobny S”.,"Kolega popełnił błąd. Każdy magnes, niezależnie od tego, na jak małe kawałki go rozłamiemy, zawsze będzie mieć oba bieguny N i S jednocześnie - nie da się fizycznie oddzielić samego bieguna N od samego S, bo linie pola magnetycznego są zawsze zamknięte (wychodzą z jednego bieguna i wracają do drugiego), co wynika z uporządkowania mikroskopowych domen magnetycznych w całej objętości materiału. Po rozłamaniu magnesu na pół otrzymamy dwa mniejsze magnesy, każdy z własnym, kompletnym układem biegunów N i S, a nie jeden kawałek z samym N i drugi z samym S.",zadanie zawiera błąd,TAK,odpowiedzi-fizyka-magnetyzm.csv
135,MAG-D02,7,Magnetyzm,Magnetyzm,D,2,"Koleżanka: „Elektromagnes działa tak samo jak zwykły magnes, prąd nie ma…","Koleżanka: „Elektromagnes działa tak samo jak zwykły magnes, prąd nie ma znaczenia”.","Koleżanka popełniła błąd. Elektromagnes wytwarza pole magnetyczne tylko dzięki przepływającemu przez jego zwoje prądowi - to prąd jest źródłem tego pola (ewentualnie wzmacnianego przez rdzeń ferromagnetyczny). Magnes trwały ma pole magnetyczne „wbudowane” w swoją strukturę i działa bez żadnego zasilania. Jeśli wyłączymy prąd w elektromagnesie, jego pole magnetyczne praktycznie zanika i przestaje on przyciągać - prąd ma więc kluczowe znaczenie: bez niego elektromagnes traci swoje magnetyczne właściwości, w przeciwieństwie do magnesu trwałego.",zadanie zawiera błąd,TAK,odpowiedzi-fizyka-magnetyzm.csv
136,FAL-A01,8,Ruch drgający i fale,Ruch drgający i fale,A,1,"Co „faluje"" w fali dźwiękowej, skoro powietrze jako całość nie…","Co „faluje"" w fali dźwiękowej, skoro powietrze jako całość nie przemieszcza się od źródła do ucha?","W fali dźwiękowej „faluje"" ciśnienie i gęstość powietrza - drgające źródło (np. struna) na przemian ściska i rozrzedza sąsiadujące cząsteczki powietrza, tworząc obszary zagęszczeń i rozrzedzeń. Każda cząsteczka powietrza drga tylko w miejscu, do przodu i do tyłu wokół swojego położenia równowagi, przekazując drganie kolejnej cząsteczce, ale sama nie wędruje od źródła do ucha. To właśnie to zaburzenie ciśnienia (zagęszczenia i rozrzedzenia) przemieszcza się jako fala i przenosi energię, a nie sama materia (powietrze).",,TAK,odpowiedzi-fizyka-ruch-drgajacy-i-fale.csv
137,FAL-A02,8,Ruch drgający i fale,Ruch drgający i fale,A,2,Czym różni się amplituda od okresu drgań?,Czym różni się amplituda od okresu drgań?,"Amplituda to największe wychylenie ciała drgającego od położenia równowagi (mierzone w jednostkach długości, np. cm), które mówi, jak „duże"" są drgania. Okres to czas potrzebny na wykonanie jednego pełnego drgania (mierzony w sekundach), który mówi, jak „szybko"" powtarza się ruch. To dwie niezależne wielkości: ciało może drgać z dużą amplitudą i długim okresem, albo z małą amplitudą i krótkim okresem - amplituda opisuje rozmiar ruchu, a okres jego czas trwania.",,TAK,odpowiedzi-fizyka-ruch-drgajacy-i-fale.csv
138,FAL-B01,8,Ruch drgający i fale,Ruch drgający i fale,B,1,Wahadło wychyla się max 10 cm od równowagi i wraca 20 razy na minutę…,Wahadło wychyla się max 10 cm od równowagi i wraca 20 razy na minutę. Podaj amplitudę i częstotliwość.,"Amplituda to maksymalne wychylenie od położenia równowagi, a nie cały rozstaw między skrajnymi położeniami (lewym i prawym) - tu wynosi więc A=10 cm, a nie 20 cm. Częstotliwość to liczba pełnych drgań na sekundę: skoro wahadło wraca do tego samego punktu 20 razy na minutę, to wykonuje 20 pełnych cykli w ciągu 60 s, czyli f=20/60 s≈0,33 Hz. Pułapka: „20 razy na minutę"" i „powrót"" trzeba interpretować jako liczbę pełnych okresów, a amplitudę liczyć od środka (równowagi), a nie od jednego skrajnego wychylenia do drugiego.",pułapka: mylenie amplitudy z całkowitym rozstawem skrajnych położeń,TAK,odpowiedzi-fizyka-ruch-drgajacy-i-fale.csv
139,FAL-B02,8,Ruch drgający i fale,Ruch drgający i fale,B,2,Wykres sinusoidalny osiąga maksimum co 4 s. Jaki jest okres?,Wykres sinusoidalny osiąga maksimum co 4 s. Jaki jest okres?,"Okres to czas jednego pełnego cyklu drgań, czyli czas między dwoma kolejnymi, następującymi po sobie takimi samymi momentami ruchu (np. między dwoma kolejnymi maksimami). Skoro wykres osiąga maksimum co 4 s, oznacza to, że odstęp między kolejnymi maksimami wynosi 4 s, więc okres T=4 s. Pułapka: okresu nie należy mylić z czasem od startu (t=0) do pierwszego maksimum - jeśli drganie nie zaczyna się w maksimum, ten pierwszy odcinek czasu może być inny niż pełny okres; tu jednak wprost podano odstęp między kolejnymi maksimami, więc T=4 s jest poprawną odpowiedzią.",pułapka: mylenie okresu z czasem do pierwszego maksimum,TAK,odpowiedzi-fizyka-ruch-drgajacy-i-fale.csv
140,FAL-B03,8,Ruch drgający i fale,Ruch drgający i fale,B,3,"Fala na wodzie porusza korek w górę-dół, ale korek nie przesuwa się do…","Fala na wodzie porusza korek w górę-dół, ale korek nie przesuwa się do brzegu. Co to mówi o tym, co „przenosi się"" z falą?","Skoro korek jedynie unosi się i opada w miejscu, a nie wędruje razem z falą do brzegu, oznacza to, że fala nie przenosi materii (wody), tylko energię i zaburzenie ruchu (drganie) przekazywane z cząsteczki na cząsteczkę. Woda w każdym punkcie porusza się lokalnie w górę i w dół (lub po niewielkim torze kolistym), przekazując ten ruch sąsiednim cząsteczkom, dzięki czemu kształt fali przemieszcza się po powierzchni, ale sama woda pozostaje w przybliżeniu w tym samym miejscu. Pułapka: fala mechaniczna to przenoszenie energii i informacji o drganiu, a nie przenoszenie samej materii ośrodka.","pułapka: przekonanie, że fala przenosi materię",TAK,odpowiedzi-fizyka-ruch-drgajacy-i-fale.csv
141,FAL-B04,8,Ruch drgający i fale,Ruch drgający i fale,B,4,Fala o f=2 Hz i λ=3 m. Oblicz prędkość.,Fala o f=2 Hz i λ=3 m. Oblicz prędkość.,"Prędkość fali obliczamy ze wzoru v=λ·f (długość fali razy częstotliwość), a nie v=λ/f. Podstawiając: v=3 m · 2 Hz=6 m/s. Sens wzoru: częstotliwość mówi, ile pełnych fal „przechodzi"" w ciągu sekundy, a długość fali to dystans jednej pełnej fali, więc mnożąc te wielkości, dostajemy dystans, jaki fala pokonuje w ciągu sekundy, czyli prędkość. Pułapka: dzielenie λ/f dałoby błędny wynik (1,5 m/s) i nie ma fizycznego uzasadnienia w tym kontekście - to częstotliwość mnoży się przez długość fali, a nie odwrotnie.",pułapka: v=λ/f zamiast v=λ·f,TAK,odpowiedzi-fizyka-ruch-drgajacy-i-fale.csv
142,FAL-B05,8,Ruch drgający i fale,Ruch drgający i fale,B,5,"Jak drgająca struna gitary powoduje, że słyszysz dźwięk?","Jak drgająca struna gitary powoduje, że słyszysz dźwięk?","Szarpnięta struna zaczyna drgać wokół swojego położenia równowagi. Drgająca struna popycha sąsiadujące cząsteczki powietrza, na przemian je ściskając i rozrzedzając, co tworzy w powietrzu obszary zagęszczeń i rozrzedzeń rozchodzące się od struny we wszystkich kierunkach jako fala dźwiękowa. Gdy taka fala dociera do ucha, powoduje drgania błony bębenkowej, które są przekształcane na sygnały nerwowe odbierane przez mózg jako dźwięk. Częstotliwość drgań struny decyduje o wysokości usłyszanego dźwięku, a amplituda tych drgań - o jego głośności.",,TAK,odpowiedzi-fizyka-ruch-drgajacy-i-fale.csv
143,FAL-B06,8,Ruch drgający i fale,Ruch drgający i fale,B,6,"Dwa dźwięki tej samej częstotliwości, różnej głośności. Co je różni, skoro…","Dwa dźwięki tej samej częstotliwości, różnej głośności. Co je różni, skoro wysokość jest ta sama?","Wysokość dźwięku zależy od częstotliwości drgań źródła - skoro obydwa dźwięki mają tę samą częstotliwość, brzmią tak samo „wysoko"" (np. ta sama nuta). Głośność natomiast zależy od amplitudy drgań (a dokładniej od energii fali dźwiękowej, jaka dociera do ucha) - dźwięk o większej amplitudzie drgań źródła jest głośniejszy, mimo tej samej częstotliwości. Pułapka: nie należy mylić wysokości dźwięku (częstotliwość) z jego głośnością (amplituda) - to dwie niezależne cechy fali dźwiękowej, więc dźwięki mogą różnić się głośnością, mając identyczną wysokość.",pułapka: mylenie głośności z wysokością,TAK,odpowiedzi-fizyka-ruch-drgajacy-i-fale.csv
144,FAL-B07,8,Ruch drgający i fale,Ruch drgający i fale,B,7,(fakultatywne) Podaj zwierzę słyszące ultradźwięki i wyjaśnij różnicę…,(fakultatywne) Podaj zwierzę słyszące ultradźwięki i wyjaśnij różnicę względem dźwięków słyszalnych.,"Przykładem zwierzęcia słyszącego ultradźwięki jest nietoperz (a także np. pies czy delfin), który wykorzystuje echolokację - wysyła fale dźwiękowe o bardzo wysokiej częstotliwości i nasłuchuje ich odbicia od przeszkód, by orientować się w przestrzeni. Ultradźwięki to fale dźwiękowe o częstotliwości powyżej ok. 20 000 Hz (20 kHz), czyli powyżej górnej granicy słyszalności ucha ludzkiego - człowiek słyszy zwykle w zakresie ok. 20 Hz-20 000 Hz. Różnica między ultradźwiękami a dźwiękami słyszalnymi dla człowieka polega więc wyłącznie na częstotliwości drgań, nie na innej naturze fizycznej fali - to nadal fale mechaniczne (dźwiękowe), tylko o częstotliwości wykraczającej poza zakres, jaki może odebrać ludzkie ucho.",,TAK,odpowiedzi-fizyka-ruch-drgajacy-i-fale.csv
145,FAL-B08,8,Ruch drgający i fale,Ruch drgający i fale,B,8,"Jak zmierzyć okres wahadła stoperem, minimalizując błąd?","Jak zmierzyć okres wahadła stoperem, minimalizując błąd?","Zamiast mierzyć czas jednego wahnięcia (co dawałoby duży błąd względny, bo krótki czas jest trudny do precyzyjnego zmierzenia reakcją ludzką), należy zmierzyć czas wielu pełnych okresów naraz, np. 10 lub 20 pełnych wahnięć w tę i z powrotem, uruchamiając stoper dokładnie w momencie przejścia wahadła przez punkt równowagi (bo tam ma ono największą prędkość, więc łatwiej precyzyjnie „złapać"" moment) i zatrzymując go po zliczeniu tej samej liczby pełnych okresów. Otrzymany łączny czas dzielimy przez liczbę zliczonych okresów, by uzyskać średni czas jednego okresu T - dzięki uśrednieniu po wielu cyklach błąd reakcji osoby mierzącej rozkłada się na wiele pomiarów i ma dużo mniejszy wpływ na wynik końcowy.",,TAK,odpowiedzi-fizyka-ruch-drgajacy-i-fale.csv
146,FAL-B09,8,Ruch drgający i fale,Ruch drgający i fale,B,9,Zaproponuj doświadczenie z linijką/gumką pokazujące wpływ częstotliwości…,Zaproponuj doświadczenie z linijką/gumką pokazujące wpływ częstotliwości na wysokość dźwięku.,"Przyłóż elastyczną linijkę (lub napiętą gumkę recepturkę) tak, by jeden jej koniec wystawał poza krawędź stołu, dociśnij drugi koniec do blatu i szarpnij wystający fragment, by zaczął drgać. Gdy wysunięty (drgający) fragment linijki jest długi, drga wolno (niska częstotliwość) i słychać niski dźwięk (lub w ogóle brak dźwięku słyszalnego, jeśli drga za wolno). Skracając wysunięty fragment linijki (dosuwając ją coraz bardziej na blat), sztywność drgającej części rośnie, drgania stają się szybsze (wyższa częstotliwość) i słyszany dźwięk staje się wyraźnie wyższy. Doświadczenie to pokazuje bezpośrednią zależność: im wyższa częstotliwość drgań, tym wyższy (bardziej „piskliwy"") dźwięk.",,TAK,odpowiedzi-fizyka-ruch-drgajacy-i-fale.csv
147,FAL-C01,8,Ruch drgający i fale,Ruch drgający i fale,C,1,"Kamień wrzucony do stawu tworzy fale kołowe. Oszacuj „na oko"", czy liść w…","Kamień wrzucony do stawu tworzy fale kołowe. Oszacuj „na oko"", czy liść w pobliżu zostanie przeniesiony do brzegu, potem uzasadnij naturą fali mechanicznej.","Na oko: liść nie zostanie przeniesiony do brzegu razem z falą - będzie jedynie unosił się i opadał (kołysał w górę-dół, ewentualnie po niewielkim torze kolistym) mniej więcej w tym samym miejscu, w którym pływał wcześniej. Uzasadnienie: fala na wodzie jest falą mechaniczną, która przenosi energię i zaburzenie ruchu (drganie) przekazywane kolejno między cząsteczkami wody, a nie samą materię ośrodka. Każda cząsteczka wody (a wraz z nią unoszący się na niej liść) drga lokalnie wokół swojego położenia, przekazując ruch dalej, dzięki czemu kształt fali (krąg zaburzenia) przemieszcza się po powierzchni stawu w kierunku brzegu, natomiast woda (i liść) pozostają z grubsza w tym samym miejscu.",,TAK,odpowiedzi-fizyka-ruch-drgajacy-i-fale.csv
148,FAL-C02,8,Ruch drgający i fale,Ruch drgający i fale,C,2,Dźwięk wysoki-cichy i niski-głośny. Połącz częstotliwość i amplitudę…,"Dźwięk wysoki-cichy i niski-głośny. Połącz częstotliwość i amplitudę, wyjaśniając różnicę fal.","Wysokość dźwięku zależy od częstotliwości drgań źródła - dźwięk wysoki oznacza dużą częstotliwość (drgania powtarzają się bardzo szybko), a dźwięk niski oznacza małą częstotliwość (drgania są wolniejsze). Głośność dźwięku zależy natomiast od amplitudy drgań (i związanej z nią energii fali) - dźwięk cichy ma małą amplitudę, a dźwięk głośny dużą amplitudę. Dźwięk „wysoki-cichy"" to więc fala o dużej częstotliwości, ale małej amplitudzie, a dźwięk „niski-głośny"" to fala o małej częstotliwości, lecz dużej amplitudzie - częstotliwość i amplituda to dwie niezależne cechy fali dźwiękowej, więc mogą się łączyć w dowolnej kombinacji, opisując odpowiednio wysokość i głośność dźwięku.",,TAK,odpowiedzi-fizyka-ruch-drgajacy-i-fale.csv
149,FAL-C03,8,Ruch drgający i fale,Ruch drgający i fale,C,3,Fala o λ=2 m porusza się z v=340 m/s. Oszacuj rząd wielkości…,"Fala o λ=2 m porusza się z v=340 m/s. Oszacuj rząd wielkości częstotliwości, zanim obliczysz dokładnie.","Szacunek: prędkość (ok. 340 m/s, czyli rzędu kilkuset) podzielona przez długość fali (2 m, czyli rzędu jedności) da wynik rzędu setek, więc częstotliwość powinna wynosić w przybliżeniu 100-200 Hz. Dokładne obliczenie ze wzoru f=v/λ: f=340 m/s / 2 m=170 Hz. Wynik dokładny (170 Hz) mieści się w oszacowanym rzędzie wielkości (setki herców), co potwierdza poprawność obliczeń - to typowa częstotliwość niskiego, słyszalnego dla człowieka dźwięku, spójna z prędkością dźwięku w powietrzu (ok. 340 m/s).",,TAK,odpowiedzi-fizyka-ruch-drgajacy-i-fale.csv
150,FAL-D01,8,Ruch drgający i fale,Ruch drgający i fale,D,1,"Kolega: „Fala na wodzie przenosi wodę aż do brzegu, dlatego widać, jak…","Kolega: „Fala na wodzie przenosi wodę aż do brzegu, dlatego widać, jak fala 'płynie'"".","Tak, kolega popełnia błąd. Fala mechaniczna, w tym fala na wodzie, nie przenosi materii (samej wody) aż do brzegu - przenosi energię i zaburzenie ruchu, które jest przekazywane kolejno między cząsteczkami ośrodka. Każda cząsteczka wody drga w miejscu (najczęściej po niewielkim, w przybliżeniu kolistym torze), przekazując ruch sąsiedniej cząsteczce, dzięki czemu kształt zaburzenia (fala) przemieszcza się po powierzchni w stronę brzegu, ale sama woda w większości pozostaje w tym samym rejonie. To, co „widać jak płynie"", to przemieszczający się kształt fali (wzór wzniesień i dolin), a nie fizyczny transport wody - łatwo to sprawdzić, obserwując pływający korek, który unosi się i opada w miejscu, zamiast być zniesionym falą do brzegu.",zadanie zawiera błąd,TAK,odpowiedzi-fizyka-ruch-drgajacy-i-fale.csv
151,FAL-D02,8,Ruch drgający i fale,Ruch drgający i fale,D,2,"Koleżanka: v=f/λ=5/2=2,5 m/s dla f=5 Hz, λ=2 m.","Koleżanka: v=f/λ=5/2=2,5 m/s dla f=5 Hz, λ=2 m.","Tak, to błąd - koleżanka użyła niewłaściwego wzoru, dzieląc częstotliwość przez długość fali zamiast je pomnożyć. Poprawny wzór na prędkość fali to v=λ·f (długość fali razy częstotliwość), bo częstotliwość mówi, ile pełnych fal „mija"" dany punkt w ciągu sekundy, a długość fali to dystans jednej pełnej fali - iloczyn tych wielkości daje dystans pokonywany przez falę w ciągu sekundy, czyli prędkość. Podstawiając poprawnie: v=2 m · 5 Hz=10 m/s, a nie 2,5 m/s. Warto wytłumaczyć koleżance, że wzór v=λ·f warto zapamiętać razem z jego sensem fizycznym, żeby nie mylić go z przypadkowym dzieleniem wielkości.",zadanie zawiera błąd,TAK,odpowiedzi-fizyka-ruch-drgajacy-i-fale.csv
152,OPT-A01,9,Optyka,Optyka,A,1,Dlaczego widzimy cień za nieprzezroczystym przedmiotem oświetlonym z…,Dlaczego widzimy cień za nieprzezroczystym przedmiotem oświetlonym z jednej strony?,"Światło rozchodzi się po liniach prostych, więc gdy napotyka nieprzezroczysty przedmiot, nie może go ominąć ani przez niego przeniknąć - zostaje zatrzymane lub pochłonięte. Za przedmiotem powstaje więc obszar, do którego promienie światła w ogóle nie docierają, i to właśnie widzimy jako ciemny cień o kształcie zbliżonym do rzutu przedmiotu. Gdyby światło rozchodziło się np. falami dookolnymi jak dźwięk, cień nie powstawałby w tak ostrej, geometrycznej formie.",,TAK,odpowiedzi-fizyka-optyka.csv
153,OPT-A02,9,Optyka,Optyka,A,2,Czym różni się obraz pozorny od rzeczywistego?,Czym różni się obraz pozorny od rzeczywistego?,"Obraz rzeczywisty powstaje tam, gdzie promienie świetlne po odbiciu lub załamaniu faktycznie się przecinają i skupiają - taki obraz można wyświetlić na ekranie (np. w rzutniku lub w oku). Obraz pozorny natomiast powstaje tam, gdzie promienie tylko wydają się przecinać po przedłużeniu wstecz, ale w rzeczywistości tam nie docierają - takiego obrazu nie da się rzucić na ekran, można go jedynie zobaczyć, patrząc w odpowiednim kierunku (np. odbicie w płaskim lustrze).",,TAK,odpowiedzi-fizyka-optyka.csv
154,OPT-B01,9,Optyka,Optyka,B,1,"Wytłumacz, dlaczego wokół cienia powstaje półcień przy rozciągłym źródle…","Wytłumacz, dlaczego wokół cienia powstaje półcień przy rozciągłym źródle światła.","Rozciągłe źródło światła (np. żarówka o pewnych rozmiarach, a nie punktowy laser) wysyła promienie z wielu różnych punktów swojej powierzchni jednocześnie. Obszar, do którego nie dociera żaden promień z żadnego punktu źródła, to pełny cień, natomiast obszar, do którego dociera światło tylko z części źródła (bo reszta jest zasłonięta przez przedmiot), to półcień - miejsce częściowo oświetlone. Powstanie półcienia wynika więc z rozmiaru źródła, a nie z ostrości czy kształtu krawędzi przedmiotu - przy idealnie punktowym źródle światła półcień w ogóle by nie powstał, nawet gdyby krawędź przedmiotu była nieregularna.",pułapka: mylenie przyczyny z ostrością krawędzi przedmiotu,TAK,odpowiedzi-fizyka-optyka.csv
155,OPT-B02,9,Optyka,Optyka,B,2,Czym różni się odbicie od zwierciadła płaskiego od odbicia od sferycznego…,Czym różni się odbicie od zwierciadła płaskiego od odbicia od sferycznego (wiązka równoległa)?,"Od zwierciadła płaskiego wiązka promieni równoległych odbija się nadal jako wiązka równoległa - kąt padania równa się kątowi odbicia dla każdego promienia tak samo, a powierzchnia jest płaska, więc kierunki promieni po odbiciu pozostają wzajemnie równoległe. Od zwierciadła sferycznego (np. wklęsłego) promienie równoległe padają na powierzchnię pod różnymi kątami względem lokalnej normalnej w każdym punkcie, więc po odbiciu zbiegają się (lub rozbiegają, w przypadku zwierciadła wypukłego) w jednym punkcie - ognisku. Nie każde zwierciadło odbija światło ""tak samo lustrzano"" w sensie geometrii wiązki - kształt powierzchni decyduje o tym, czy wiązka pozostaje równoległa, skupia się, czy się rozprasza.","pułapka: przekonanie, że każde zwierciadło odbija 'lustrzano' tak samo",TAK,odpowiedzi-fizyka-optyka.csv
156,OPT-B03,9,Optyka,Optyka,B,3,Dlaczego widzimy kartkę papieru z każdego kąta w pokoju?,Dlaczego widzimy kartkę papieru z każdego kąta w pokoju?,"Powierzchnia kartki papieru jest mikroskopowo chropowata, więc padające na nią światło odbija się w wielu różnych kierunkach jednocześnie - to zjawisko nazywamy odbiciem rozproszonym (dyfuzyjnym), w przeciwieństwie do odbicia zwierciadlanego, gdzie promienie odbijają się w jednym, ściśle określonym kierunku. Dzięki rozproszeniu z każdego punktu kartki dociera choć trochę światła w niemal każdym kierunku, dlatego widzimy ją niezależnie od tego, pod jakim kątem na nią patrzymy. Nie oznacza to braku odbicia - światło wciąż się odbija, tylko w wielu kierunkach naraz, a nie w jednym.",pułapka: mylenie rozproszenia z brakiem odbicia,TAK,odpowiedzi-fizyka-optyka.csv
157,OPT-B04,9,Optyka,Optyka,B,4,"Dlaczego zwierciadło wklęsłe skupia równoległe promienie, a płaskie nie?","Dlaczego zwierciadło wklęsłe skupia równoległe promienie, a płaskie nie?","Powierzchnia zwierciadła wklęsłego jest zakrzywiona do wewnątrz, więc normalna (linia prostopadła do powierzchni) w każdym jej punkcie ma inny kierunek - promienie równoległe padające na różne punkty takiej powierzchni odbijają się pod różnymi kątami w taki sposób, że wszystkie przecinają się w jednym punkcie, zwanym ogniskiem. Zwierciadło płaskie ma tę samą normalną w każdym punkcie (jest płaskie), więc wszystkie promienie odbijają się pod tym samym kątem względem swojego kierunku padania i pozostają wzajemnie równoległe - nie mają więc jak się zbiec w jednym punkcie. Zdolność skupiania wynika zatem z krzywizny powierzchni, której zwierciadło płaskie po prostu nie posiada.",pułapka: przypisywanie skupiania też zwierciadłu płaskiemu,TAK,odpowiedzi-fizyka-optyka.csv
158,OPT-B05,9,Optyka,Optyka,B,5,"Dlaczego obraz Twojej twarzy w lustrze wydaje się być ""za lustrem""?","Dlaczego obraz Twojej twarzy w lustrze wydaje się być ""za lustrem""?","Promienie światła odbite od twarzy padają na lustro i odbijają się do naszego oka zgodnie z prawem odbicia, ale mózg interpretuje światło docierające do oka tak, jakby rozchodziło się po liniach prostych od miejsca, z którego pozornie przybywa. Przedłużając odbite promienie wstecz, za powierzchnię lustra, otrzymujemy punkt, w którym promienie te wydają się przecinać - to właśnie tam mózg ""umieszcza"" obraz. W rzeczywistości żadne promienie nie przechodzą przez taflę lustra ani nie istnieją fizycznie za nim - to obraz czysto pozorny, wynikający z konstrukcji geometrycznej, a nie z faktycznego przejścia światła przez szkło.","pułapka: przekonanie, że promienie faktycznie przechodzą przez lustro",TAK,odpowiedzi-fizyka-optyka.csv
159,OPT-B06,9,Optyka,Optyka,B,6,"Patyk w szklance z wodą wydaje się ""złamany"". Wytłumacz kierunek załamania.","Patyk w szklance z wodą wydaje się ""złamany"". Wytłumacz kierunek załamania.","Światło zmienia prędkość przy przejściu między ośrodkami o różnej gęstości optycznej (z powietrza do wody lub odwrotnie), co powoduje załamanie - promień zmienia kierunek biegu, chyba że pada dokładnie prostopadle do powierzchni. Przechodząc z ośrodka rzadszego optycznie (powietrze) do gęstszego (woda), promień ugina się w stronę normalnej (linii prostopadłej do powierzchni wody w punkcie padania), czyli kąt załamania jest mniejszy niż kąt padania. Dlatego część patyka widziana pod wodą wydaje się przesunięta względem części nad wodą - mózg odtwarza bieg promieni jako linie proste, nieświadome załamania, i ""widzi"" patyk jakby był złamany dokładnie na granicy powietrze-woda.",pułapka: mylenie kierunku załamania względem normalnej,TAK,odpowiedzi-fizyka-optyka.csv
160,OPT-B07,9,Optyka,Optyka,B,7,Czym różni się bieg promieni po przejściu przez soczewkę skupiającą i…,Czym różni się bieg promieni po przejściu przez soczewkę skupiającą i rozpraszającą?,"Soczewka skupiająca (wypukła w środku grubsza niż na brzegach) załamuje promienie równoległe tak, że po przejściu przez nią zbiegają się one w jednym punkcie po drugiej stronie soczewki - ognisku rzeczywistym, przez które faktycznie przechodzą promienie. Soczewka rozpraszająca (wklęsła, cieńsza w środku niż na brzegach) załamuje promienie równoległe tak, że po przejściu przez nią rozbiegają się one na boki - nie przecinają się faktycznie, a jedynie ich przedłużenia wstecz (po stronie źródła światła) zbiegają się w ognisku pozornym. Obie soczewki więc załamują światło, ale w przeciwnych kierunkach - jedna zbiera promienie w punkt, druga je rozprasza.","pułapka: przekonanie, że obie skupiają w jednym punkcie",TAK,odpowiedzi-fizyka-optyka.csv
161,OPT-B08,9,Optyka,Optyka,B,8,"Dlaczego krótkowzroczność koryguje się soczewką rozpraszającą, a nie…","Dlaczego krótkowzroczność koryguje się soczewką rozpraszającą, a nie skupiającą?","W krótkowzroczności gałka oczna jest zbyt wydłużona (lub soczewka oka zbyt mocno skupia światło), przez co obraz odległych przedmiotów powstaje przed siatkówką, a nie dokładnie na niej - stąd niewyraźne widzenie dali. Soczewka rozpraszająca, umieszczona przed okiem, delikatnie rozprasza promienie światła jeszcze zanim dotrą do soczewki oka, co efektywnie ""cofa"" miejsce powstawania obrazu dokładnie na siatkówkę. Soczewka skupiająca dodatkowo wzmacniałaby zbieganie promieni, przesuwając obraz jeszcze bardziej przed siatkówkę, więc pogorszyłaby widzenie zamiast je poprawić - dlatego stosuje się tu soczewki o mocy ujemnej (rozpraszające), a nie dodatniej.",pułapka: odwrócenie typu soczewki,TAK,odpowiedzi-fizyka-optyka.csv
162,OPT-B09,9,Optyka,Optyka,B,9,Dlaczego światło białe przez pryzmat daje tęczę barw?,Dlaczego światło białe przez pryzmat daje tęczę barw?,"Światło białe jest w rzeczywistości mieszaniną fal o różnych długościach, odpowiadających różnym barwom (od czerwonej po fioletową). Szkło pryzmatu załamuje światło o różnych długościach fali pod nieco innymi kątami (współczynnik załamania zależy od długości fali - zjawisko to nazywa się dyspersją), więc poszczególne barwy, wcześniej nałożone na siebie w jednej wiązce światła białego, po przejściu przez pryzmat rozchodzą się w nieco różnych kierunkach i stają się widoczne osobno jako tęcza. Pryzmat nie tworzy więc nowych kolorów, lecz jedynie rozdziela (rozszczepia) barwy, które od początku były obecne w świetle białym.","pułapka: przekonanie, że pryzmat 'tworzy' kolory, a nie rozdziela",TAK,odpowiedzi-fizyka-optyka.csv
163,OPT-B10,9,Optyka,Optyka,B,10,Dlaczego światło lasera nie rozszczepia się w pryzmacie?,Dlaczego światło lasera nie rozszczepia się w pryzmacie?,"Rozszczepienie w pryzmacie wynika z tego, że różne długości fali (kolory) załamują się pod nieco innymi kątami - im więcej różnych barw zawiera wiązka światła, tym wyraźniejsza tęcza powstaje po przejściu przez pryzmat. Światło lasera jest natomiast monochromatyczne (jednobarwne) - składa się praktycznie z jednej, ściśle określonej długości fali, więc nie ma w nim różnych barw, które mogłyby się rozdzielić. Wiązka lasera po przejściu przez pryzmat zmienia jedynie kierunek (ulega załamaniu jako całość), ale pozostaje jednym, wąskim promieniem o niezmienionym kolorze - nie każde światło musi się rozszczepiać, a jedynie takie, które zawiera mieszaninę wielu długości fali.","pułapka: przekonanie, że każde światło musi się rozszczepić",TAK,odpowiedzi-fizyka-optyka.csv
164,OPT-B11,9,Optyka,Optyka,B,11,"Uporządkuj fale: mikrofale, gamma, widzialne, radiowe; podaj zastosowanie…","Uporządkuj fale: mikrofale, gamma, widzialne, radiowe; podaj zastosowanie jednej z nich.","Fale te są częścią widma fal elektromagnetycznych, uporządkowane według rosnącej częstotliwości (malejącej długości fali) następująco: fale radiowe (najdłuższe, najmniejsza częstotliwość) → mikrofale → światło widzialne → promieniowanie gamma (najkrótsze, największa częstotliwość i energia). Wszystkie to fale elektromagnetyczne, różniące się jedynie długością fali i energią, a nie np. fale dźwiękowe, które są zupełnie innym rodzajem fali (mechaniczną, wymagającą ośrodka materialnego do rozchodzenia się). Przykładowe zastosowanie: mikrofale wykorzystuje się w kuchenkach mikrofalowych do podgrzewania jedzenia (pobudzają drgania cząsteczek wody) oraz w łączności bezprzewodowej (Wi-Fi, telefonia komórkowa).",pułapka: mylenie fal radiowych z dźwiękowymi,TAK,odpowiedzi-fizyka-optyka.csv
165,OPT-B12,9,Optyka,Optyka,B,12,Zaproponuj doświadczenie z latarką i kartką z otworem pokazujące…,Zaproponuj doświadczenie z latarką i kartką z otworem pokazujące prostoliniowe rozchodzenie się światła.,"Można ustawić w jednej linii latarkę, trzy kartki z małymi otworkami na tej samej wysokości oraz ekran (np. białą ścianę), tak by światło z latarki przechodziło przez wszystkie trzy otworki i padało na ekran. Gdy otworki są dokładnie wyrównane w linii prostej, światło swobodnie przez nie przechodzi i widać jasną plamkę na ekranie; wystarczy jednak nieznacznie przesunąć jedną z kartek w bok, a światło przestaje docierać do ekranu, mimo że otworek w tej kartce wciąż jest otwarty. Pokazuje to, że światło rozchodzi się po linii prostej - jeśli otworki nie są w jednej linii z latarką, promień nie może ""skręcić"", by przez nie przejść.",,TAK,odpowiedzi-fizyka-optyka.csv
166,OPT-B13,9,Optyka,Optyka,B,13,Jak zademonstrować rozszczepienie światła pryzmatem?,Jak zademonstrować rozszczepienie światła pryzmatem?,"Wystarczy skierować wąską wiązkę światła białego (np. z latarki lub przez szczelinę w zasłoniętym oknie, gdy świeci słońce) na szklany pryzmat, ustawiony tak, by promień padał na jedną z jego ścian pod pewnym kątem, a za pryzmatem umieścić biały ekran lub kartkę papieru w pewnej odległości. Po przejściu przez pryzmat wiązka światła białego rozdzieli się na widoczne na ekranie pasmo barw tęczy (od czerwieni przez pomarańcz, żółć, zieleń, błękit, po fiolet), ułożonych zawsze w tej samej kolejności, ponieważ każda barwa załamuje się pod nieco innym kątem. To bezpośrednio pokazuje, że światło białe jest mieszaniną barw, a pryzmat je rozdziela (rozszczepia), a nie tworzy.",,TAK,odpowiedzi-fizyka-optyka.csv
167,OPT-C01,9,Optyka,Optyka,C,1,"Patrzysz w łyżkę od strony wklęsłej i wypukłej. Oszacuj ""na oko"", czy…","Patrzysz w łyżkę od strony wklęsłej i wypukłej. Oszacuj ""na oko"", czy obraz wygląda tak samo — potem wytłumacz różnicę.","Obraz wygląda inaczej po obu stronach łyżki, ponieważ wklęsła i wypukła strona działają jak dwa różne rodzaje zwierciadeł sferycznych. Strona wklęsła (wewnętrzna) zachowuje się jak zwierciadło wklęsłe - w zależności od odległości twarzy od łyżki może dawać obraz powiększony i prosty (gdy twarz jest blisko, bliżej ogniska) lub odwrócony (gdy twarz jest dalej niż ognisko), bo promienie skupiają się i mogą się przeciąć przed dotarciem do oka. Strona wypukła (zewnętrzna) działa jak zwierciadło wypukłe, które zawsze daje obraz pozorny, pomniejszony i prosty, niezależnie od odległości - ponieważ taka powierzchnia rozprasza odbite promienie, a nie skupia ich w rzeczywistym punkcie. Różnica wynika więc z przeciwnej krzywizny obu powierzchni odbijających.",,TAK,odpowiedzi-fizyka-optyka.csv
168,OPT-C02,9,Optyka,Optyka,C,2,"Światło białe pada na pryzmat, rozszczepiona wiązka trafia na ekran…","Światło białe pada na pryzmat, rozszczepiona wiązka trafia na ekran. Połącz mieszaninę barw, załamanie i rozszczepienie.","Światło białe jest mieszaniną fal o różnych długościach odpowiadających różnym barwom, nałożonych na siebie w jednej wiązce. Przechodząc przez pryzmat, każda długość fali załamuje się pod nieco innym kątem, ponieważ współczynnik załamania szkła zależy od długości fali (zjawisko dyspersji) - fale krótsze (fiolet, niebieski) załamują się silniej niż fale dłuższe (czerwony). W efekcie tego różnego załamania poszczególne barwy, wcześniej nierozróżnialne w świetle białym, rozdzielają się przestrzennie (rozszczepiają) i po dotarciu do ekranu tworzą widoczne, uporządkowane pasmo tęczy - to bezpośredni dowód, że białe światło jest złożeniem wielu barw, a nie jedną, jednolitą barwą.",,TAK,odpowiedzi-fizyka-optyka.csv
169,OPT-C03,9,Optyka,Optyka,C,3,Osoba dalekowzroczna nosi okulary skupiające. Wytłumacz to przez wadę…,Osoba dalekowzroczna nosi okulary skupiające. Wytłumacz to przez wadę wzroku i bieg promieni przez soczewkę.,"W dalekowzroczności gałka oczna jest zbyt krótka (lub soczewka oka zbyt słabo skupia światło) w stosunku do jej mocy skupiającej, przez co obraz bliskich przedmiotów powstaje za siatkówką, a nie dokładnie na niej - stąd trudność w wyraźnym widzeniu z bliska. Soczewka skupiająca, umieszczona przed okiem w okularach, dodatkowo załamuje promienie światła w kierunku osi optycznej jeszcze zanim dotrą do soczewki oka, wzmacniając ich zbieganie się. Dzięki temu miejsce, w którym promienie faktycznie się przecinają, przesuwa się do przodu, dokładnie na siatkówkę, co przywraca ostre widzenie z bliskich odległości.",,TAK,odpowiedzi-fizyka-optyka.csv
170,OPT-D01,9,Optyka,Optyka,D,1,"Kolega: ""Obraz w płaskim lustrze jest rzeczywisty, bo naprawdę go widzę"".","Kolega: ""Obraz w płaskim lustrze jest rzeczywisty, bo naprawdę go widzę"".","To stwierdzenie zawiera błąd. To, że coś widzimy, nie oznacza, że obraz jest rzeczywisty - obraz w płaskim lustrze jest pozorny, ponieważ promienie odbite od lustra nigdy faktycznie się nie przecinają za jego powierzchnią; przecinają się jedynie ich przedłużenia wstecz, wyznaczone geometrycznie. Obraz rzeczywisty można by rzucić na ekran (np. kartkę papieru) ustawiony w miejscu, gdzie promienie się przecinają - w przypadku lustra płaskiego jest to niemożliwe, bo za lustrem nie ma żadnego fizycznego światła. To, że obraz jest widoczny okiem, świadczy jedynie o tym, że promienie docierają do oka, a nie o tym, że są rzeczywiste.",zadanie zawiera błąd,TAK,odpowiedzi-fizyka-optyka.csv
171,OPT-D02,9,Optyka,Optyka,D,2,"Koleżanka: ""Laser to silne światło, więc też rozszczepi się w pryzmacie…","Koleżanka: ""Laser to silne światło, więc też rozszczepi się w pryzmacie, tylko jaśniej"".","To stwierdzenie zawiera błąd. Rozszczepienie w pryzmacie zależy nie od natężenia (jasności) światła, lecz od tego, czy wiązka zawiera wiele różnych długości fali (barw) - a właśnie tego brakuje świtle lasera, które jest monochromatyczne, czyli praktycznie jednobarwne, o jednej ściśle określonej długości fali. Nawet bardzo silna wiązka laserowa po przejściu przez pryzmat jedynie zmieni kierunek (ulegnie załamaniu jako całość), ale pozostanie jednym wąskim, niezmienionym kolorystycznie promieniem - nie rozdzieli się na tęczę barw, bo nie ma w niej różnych barw do rozdzielenia. To światło białe (mieszanina barw), a nie samo natężenie, jest warunkiem koniecznym rozszczepienia.",zadanie zawiera błąd,TAK,odpowiedzi-fizyka-optyka.csv
